username,password_hash,token,deleted
fernanda70,$2b$12$rnmgyhjHLSBRKocr8KSRBO7s8tNeBNsWsA4owrIB1FeHoi6965c6q,449e717824767f8828689fb5a849716d3dfd3b10b292a9ab62492b7b2e0d0972,0
string,$2b$12$VLz..f4KcWYhHCj8NgaI.O9TdskUnGs5CQ4TM0y6QaTAdvLvJyzRG,54e5918f8a16511e816064cd7b4bf539269cceb4d2ecea548691cb65264656ee,0
luancardoso,$2b$12$/.Pu/2BPNifx8CUQ6Jask.s5UCbLuI0TZtDMejMJTDswySvSSdqxe,ef5c9ab84fae35c4eec6332d6c379395b6f3475a3774dcd063bf03b069d3d956,0
elisa66,$2b$12$KgtwW.utTtFH8G9LDyh2NuHVnALwlww6pcpXS79eiNyBpXPomGPPe,642485b27993697e31452a7eebb5c8a676c3b8bc7c7634011a64c1e9d9db6f24,0
saleslevi,$2b$12$uANgqDFCm17tjR4XemJPE.1NmDf1rmctMozedEGbRA.DSqRRL2svy,ff8f943b5bc5711a78fd2512ec07afa7d6b4ad85ffacb30a4fd182034ba96553,0
fernandoda-costa,$2b$12$8uKHG3g/Ol7n/S1300H/tubA0/rXMLKJVCL1jDD4O1J8mnSm6Rfn2,246744d16a06da65679582a8ab5d17faf27d93e6738cc79f4b69f7aaa3b3d484,0
lorenzo61,$2b$12$sWwn2oXI4VwCA9LXpY.Hu.vthwwkXIAiGBEqx9QIV62gTXxHpCpYa,fda1c070bbf87cfd35ffe050b1cbbd1333f9a1a3eda2e0502ba2bead3020535c,0
xaragao,$2b$12$aNarbaqOJeEKg8N3XABQYOx5kvMYf0RGDnoR6UOIbMJ1lja5gEX1q,51ef59bc945e019318cc8a235c8d8785bfe97181e1ca0f29e67716c3a8bc6adf,0
theodorosampaio,$2b$12$FlvF090V2/KKYiVnaE2K5uINq0JqBehdNBeYMtjVC8u6NrIq/isTa,00f63129ff9ff8a9994628e60aeebd4f39cb70eabe25f1b35d67dc4a726c0e62,0
fonsecabeatriz,$2b$12$Pp6nktNXJWyf4WEFvWfsqu0sxFT.h.LYyz1ldhZS8rGNr1EI3xdpC,8058a5fe6988ac51eb05f0c57326db6e2c07b16dd8df6feeed0c3abc720cd703,0
vicente51,$2b$12$OqIzEAzmxW.1wETqyENMkuJwBaQmMuptZZFCbEePPLA75igPZaFHe,ba7aa3c20c11d15119ca1a671cac399dd743afe2f87c440bfd73759cb599b1c7,0
vda-conceicao,$2b$12$tp8B8b0cCisJvKwuhnZET.KLgeC8JyfMb3DYXSI0LShGfDbJN9eGq,dce2495ae9c13d50d1e111d0cb5fba2a6ff0364831761fe6d9bb287a48707fac,0
hda-cunha,$2b$12$YuLCXyYtjO3P1HQEEZRvT.THzRLp8ZrQvv0VasGUV8Wwt6UbdoX6K,d67d7ccc30c64926ed02432cc95943491496714daf706a112c506b4882d526ea,0
rhavi75,$2b$12$z9J9iyuOgXUTmWNCOXcoC.ck/rQtwvPLaz23R8yRcuChpzuboEzxO,7dced8ef75143ef7951654621bafebb5bb198fd3cc8028acc498da860ba16d5d,0
ncardoso,$2b$12$BOHNLTP7UFYjbpf4sVMB9edGPK/CqwEEB3HlbYuC32aw/OO2F6x3q,a22a2268c6bb1dd750a866f7d61ac3150bd9f13110ff5430025f8689e7f22bd2,0
heloisapires,$2b$12$yJO2rMPMvde8B4l2ARkaUOzToaKSTPGK7.GwR/8U0zvbauTThD6Ke,af0d9c20f872fd3838a2705f8539189f1c04f90f3cb0771f3b45f47ccdd88e8f,0
catarina35,$2b$12$dC7EBvH6obDDtGORn/FBxuBHjc/aJ1CKjHDdLp9mVFEGUGanxYDiS,e3ee23847bd847a082cc1a36207b3f31c3354c9b2916e1c5fd1f053e4f9c9ad7,0
pereirabruno,$2b$12$KCKvbgCx2tZso9SxNzmmTOzJY94sthOkUdEO1URO6m1fpZaFqPdLa,11d93c2ff2d5ce50dd60b89df38c7473ebde2f0918b77ed1870dceeba73f0939,0
pleao,$2b$12$mFM1aLfPSZCCbq1xYOmTR.T9IFd3cTr4vkbFzFn35gZo2DtiDwbBK,1a878051d1e682c032abf2bedf485b022f9de216b39240a59374489c2f92e258,0
vitor-hugoramos,$2b$12$9BQjoNwsXxW0/uGoDUEBXuswaw6YHjx7GZ3kTZiaDJQgtyNdgJMXG,1b47761f9641d06db7a11669df55d51f0d3b4858a0a93f178371b71e52d1dcad,0
josejesus,$2b$12$Ey5z4qgcEBtxtGQYXZbA1.EDrmjbilMPDtLYMzXZwyjgFox8gyOUy,04ec9f8149b4f35ac632aeb2bf53912b8bcba27cf363ec167a8cdf84daa9647a,0
pimentarebeca,$2b$12$/B7j8I5mDLU2r72uMuHvqechk1UPSjee/89eR41W0ukiWMk2zaCuq,dd6ba29888a4ac4cb779451a6a76a51347d918e223cfcfa83e07e0bbc4375376,0
mfreitas,$2b$12$qmKpKFHc5ozFi9Kp2GiIHeDcNT7I10/AClmLCdZkVDiQ4dWLwbuV.,4477d44dfa2357b7bc1db8e2cd01d2bbe1f520dd9917c7e633b0b22509e3e00f,0
ana-sophia66,$2b$12$7OOMmh9X8O1PzReiZKV7aesI0hZqU49YoFlCxvIOnwhvtrAIPFAa6,8e2fe3611b77e70ea570de63a3f7ff9f9e505ab52f0da5a702a3bd092df73454,0
albuquerqueeduarda,$2b$12$nwxMtR1mWBQfGs58UvE5TuAjDc2hHFrvdxgsRP2AC.8dqlk4swpUK,d222db2cb48c7dfefb081e4741d0409ad86bad08b41a27ce077c2564454193b1,0
fernandesnathan,$2b$12$X44QoeSzPZy8p19ikFiTker3j/V1qs519E1hl4vELXFjWCUr0KrSe,4e608bde7a66d1c9de2b7ce59f869e7ae05a2a1d027ffe15112307b052009c82,0
melissapereira,$2b$12$u7OF3SVhvhJPZi.poDEtRejWXfMxZb3yzH2LCKYS4jPd30vsY8XMW,3b5b8ead9d9c1c3be7be2f06fa71e287574361d5292cb4547527c315ff1e1d7c,0
carlos-eduardo56,$2b$12$WIS8OloKxHHkjupUFffRUuNrW6yBE3EF.a1pk/QrZkdWL1htcDXKu,893339bfff8ad3161858b2c5d3953596c6e76d9b83a50787b896bf21bf0acbbf,0
allana83,$2b$12$xCEhlyE9nX/YL4X04EbuP.XSF6y0XPhjG4fRVtI/mIZ7QZJwH6N1a,4987f911f91fd72c0d703bc59f8fd0953292009bfda7831b901159372dcf4fd2,0
aragaoarthur-miguel,$2b$12$Dc3La2y2Sawftgxy3ARHCOl2wRaBkpwOjxZU4tiBtJRhQvHOMWiqi,7e621e17c214b1cbfff5513a11365d5f9b76fe6655fd79c0b3f26de9dbba8468,0
enunes,$2b$12$NDW1h0oEBDls4ffjcR5o4.iZp46kk5lmm3AYvLRZ3PG4x7bZqlmvO,283b9af135464edabd1929571c59effe63defd9d6f1570a1f00832df424c4ced,0
cavalcanteana-luiza,$2b$12$XRuzbJKl3tqCbdGqMXDCJ..BftE/UL3wHajSx.9G4CjuPK0q8iOEy,75b5282bf97bde359e84f3f57a0cc176a4082a758db346e7b7a312c9844b1b49,0
rpires,$2b$12$cYc2jS/62XyuImHaWjBG8.3rgmlFD.9roQ/ue01lf0jLmkvSo1nPi,569b5fa77e3bd0bb0a14ecce9a31b3bf272329ae4eb5418a17e4698ecffb6692,0
novaisluisa,$2b$12$rttVKFa20Gj0QiWjHbllm.7RK9eHPsO2c.zeob7BQxn6xlgt9Jxiy,6c49261d701144418f8a4c377c4db5c533041bc0d28f49d0bf92738226168987,0
dsa,$2b$12$6N83G5GKocZBg6u/bCTI7uJfbs0roNOJgodTm0T811lrIq/4kjb1C,6a470d9e4df13ab8317cad475df78e5e3b1c9a0b5bb122d916ceb78ca70bbf7b,0
ravyda-cruz,$2b$12$HzSVRWucpEmfQ1YaOIQ6ue2VdQSdlCr9sSjoiZeFB/D.ma85Zbham,a6c450e38223be6c8bcc9f4f06efe353183834683acb265584be0bc4b1b46ade,0
vnunes,$2b$12$SWeQOgsWUsb57ielb2auI.vH5aN5jFGuPgCxoJWXELMr6pbqVnvLW,0b26e746dc60817b0b2acf4261c95f32d764ffbffc821e2655bc36db002fc692,0
da-cruzcecilia,$2b$12$p1vOf6WAXkDZ8HN4nD8YVuoS8RbhN43Ml/Hpe.tzZoparqK.uPrOG,f1aef46d524a7258bdd1df6e5a0ecc6e68d2b5ba895d49a61f4913ec45f728a0,0
mariana98,$2b$12$1MPCi7l/MofGrXKIsCU.ieMVH5EhPZGSz/eYsFVpSZVZPF9L6ky8G,d9c4c2039b1c9d3b8d2ddb476590f61099c799ff76e7c604b44c9c64cb331519,0
isadora84,$2b$12$ZhCN1MaNivt7aw9.SwDahOl6GNhSwjF7VxxwJg0OIIHSIyawnF.Uu,9d228f6f36e48f264f3335f72df9566d3dbab587b843ea28483a3ae44ff69d97,0
luigirezende,$2b$12$mDKvjmGj5ZLCxtQRcxhNEOlfkx1sK7xrko5Xzb1sQWJuRCcduYf.C,7dfbe45cc6027dddd401d908dd2144e3c21b90e15ff1ccec30cc8e589ed16b6d,0
da-rosacaroline,$2b$12$n1wNocpltxDq3RdCfQUFDe8NpvBYLwPc1geO1DnTiyEuUBQafm9BW,36db6337d44300efee79105596839e1a12933e2ce1be4d5126204713c1fbf1e6,0
goncalvesfernanda,$2b$12$WjIoPE/sQ1mXoI8MX4kTC.txpGfp6jwuJy3rliRaL2at9ewSLdexO,94a3820370b25d46f7ae1ffc1f59e20ea1dbc8ad760d7b4b6091e1ccd051a466,0
raul98,$2b$12$nwlkO8lh.qp/s0pHOAmONuOaXM3ZrEbUlhCI7t1y2wM7YgKlZmE56,cc9b813e5a2d077cb2fa7d6127a9df5fec7dc2cf9a4f2bf5f1eb234c4804abd1,0
danteoliveira,$2b$12$suhJpersiPSpABsK1bfyWOraEXtq48uJpEi7IO7n5VkSckRe7ng56,4038419d0f22db4019e193bf18d68e4e00bcbc680e99d17f0d755c66ba262804,0
bruno40,$2b$12$cpzGHSGR87CwnCEeyO7tb.0vpEC2/44LEUZahFmJx2yH/ECjSm5lu,3975e4d9b50cfcda64b60e5968a36e50d3846336ff0708eac44cbe0545bf6070,0
estherfarias,$2b$12$df.qWFKN2.J5mSSwPMJ9zeGiRSRZG070pC0GgkARrj.N2J6tLl6kK,6d870d89067d89c258506f17756424ccbbd108866671cdd20fe634ae4e6ab6d8,0
wda-conceicao,$2b$12$ABbACZJSLvg0gDJQzfbH6OHqnhK.OVdysfFaGnplS/YuZc.8oE4y.,93e391811dc7b62b1e892ad033e17441e55b07c072c43de5b33107ddfec3eeae,0
orios,$2b$12$a8SQU854SagDsi7sxgdStuMhhRCaLNnGq351My3dmICDzlGBevlxe,83ab5104195955de7fa2b0c616f603603cf682b818bf72014dbc4038868153f4,0
nogueirathomas,$2b$12$Wo2XHbC/H7ZmRevXQ2x.hO0XiOM1CBe/eXCRURvV0Yj3d/oUA48mq,d20767ea94955d7aebd5498680fd80a92ababf47d3d85ecac00ebd5c56609169,0
davi-miguel12,$2b$12$oxAVtQ4xeQp04hvRwBRvQOAi88MIPNNDTRPfocg7MdKbnVy8E2ER6,29e239ce840a33e28e6c3dad19bcdad48df57e5d6ce7edb6a0a8557fa7653092,0
valentina71,$2b$12$tm/.u0VtGdKk2evPY1TWW.najrLhuLR2JFO/Ft77ijSZEpaX.a0Jy,ce81d00b881b7a09d3a6066208cc98f2ad89355b6bc59fc18efe9682b96112d9,0
pachecolarissa,$2b$12$hZ.8Z1ZwxWS4LhRh/ZH4n.XA4KzhlassnBpFRTT6n1eKRG9swYM5O,4afb8285b3d4215060cbce37d50c6af6f394c116e03d3e35ce2d9e51505554e9,0
leandro53,$2b$12$q5rvZK1aZ4Ec1qJc.2YV/eI4cmJyt.YQpcFsLYiNizX/r8MjDVxXS,b3c5aa341f9b7874f1fcff261eed6326633046e60ee5988a5c030a9c7ff6e7ea,0
nnunes,$2b$12$kE8d4fd9Q7LhlRta0PdCoe2FNvCgRc91i3uBUAeK9jl0iKbtdT29e,19700d06910a8fd87d06467f026acb2fe14652bcd4a22523792f31fc6ddcb4e9,0
igorbrito,$2b$12$sP2UP4A6DtiYTZDQU8FvaOa2OYpyGxohD9gL/KHijZazG1mbhFl/S,dc453351e21df79e4a352e9cd1421c902ea17018ca5391b11e24ffea6582cd30,0
garciabenjamim,$2b$12$pyqdgMGJXh86E7GurM372Ogin0PYlo2B3z5jYePmcjFnRE2cftwO.,3eac87fcbe3549128a1473dc4d01082ece63c627785677025a05a5ac1ccaf500,0
da-matabreno,$2b$12$dMl5MtpCcLSU0yHhTZcM4OtgASEgO3pdwYLz1Kj8oa1T9GLAOK7Fq,9f296dbd44b054f512f9cdf0dfb0a1395b8a4ea6377cb4bb83e94ba42abdace8,0
evelynporto,$2b$12$UGWJaqV8ByBAPKk06TyEI.nXAU5N/fGHxVIdzwqlp/Bhsb6J.Hc3W,4f8320e659d5b2936f854aa50a9a19a7f9e49c40164ed5cd686f60742316da48,0
heitorcardoso,$2b$12$gCrTQSRRK0W1nWCNcPKG.eWiE9bMMg7Hskaqg1VxHxf1dj8LK5u3y,722ba87c237263081ed7d50389f7935b93d98c9aff080571c5665b4a3ec46a83,0
britoolivia,$2b$12$FHeIBRfx9..rcXNeVcxoKuRTQnuZNREiWfcXvtW4XTLSwbTn7oai2,17c9583b8e7056a02fe747fcd804e7b292c3dec9c86d6f493bde4b2ee068506c,0
diasmirella,$2b$12$CFpkmtXs3f78TW79FbsHbeFuicorVaydfqaYIDfPRuNO8N1aFeFmW,acc1f0b254cf19b961aaf2477e14d684e8ad1fd508626f3f708d39dfbec537d4,0
pastordavi-lucca,$2b$12$Dzz5lZ1xq3FjnDX8DShB0emZuxHJvjQq.bb3WGjqq5snmc5iDDPF6,09ed4b8a0ef0406a07fa6094e91b034eef03bf8001de9eac4c5457552e511996,0
duartebella,$2b$12$Q3LgWYwfr8M1jCiXUcqWS.Gy8CQ.xPZyEpMHRavAe3X1lPPhOIrn6,9950e48d0633aab0a59a63f0173db36150cb3d0430b6975445135522dbe448e5,0
ysantos,$2b$12$wE6icIqASkgPAz6yF9glh.2DqXiwJVr7edK98H9tYbkyEBBI1QKaa,e469846439275f6bca9fd785238da062cb9f659403006785dad82b54aa9bb042,0
da-rosamaria,$2b$12$Ef1v8/Lh2sLCRCb.bmmxn.bRA3nyT5RReQeUWlRAzRz.LSzPFrVde,58e35d9eb69911f9b3a8ecd373792e168e9b0e0968c719795d73fe36b121425c,0
ogarcia,$2b$12$.PdlIgKMsQHV0FK3QoNE4ejyaqGCMc40n4WINJbt2/uadHK/E2k8C,374cc89438709204b9b61f2d5c4e0ef086253a504ace5317eff0772eca47efb8,0
carlos-eduardobarbosa,$2b$12$3b6sPCvwkloQlJpkxYo80.BBrRz7BwyZj7aAf5ua0MAGlx7DFLJpe,6fef248d5815d3d3248bd7703a0c700c7651cecfc0aaf2ebc5b76b2172cec3e3,0
yago02,$2b$12$l53tAreXzq0sRJ5.IXbcsejyYlrkNe1qTUk6Vx.b68NCZ6cd45yD.,bd1b05718aeabe23fb9c08449a5a84b59022bb809e8cee4ecf878a531d564e2a,0
montenegrocamila,$2b$12$A/FhhvU.9ZW9zOxtOE1vlemdXglo2MWx.LKptgEkDQguIkjEPHBcC,f83e81fe7eccebad11253f96e849415ec46cdc0c490df60ecf20ac1491cb0b1f,0
guerraravi,$2b$12$bDw0Ithzf4vPbgd.YxLzwebKwT9qxlHnbOLnVS7yBr5fLZVsXtuh.,9a465776d6fd261a27fab7f22f0e4ce771d28870d8cbc1d3fcc08b29c5388b2b,0
britovitor-hugo,$2b$12$jMnk1vfqvy4apPb.KzLE3uNj9VyTWNakpLz2qf6y4uVXuptleUAXm,0a7d642c59e6cd665295b26a4997d021b54c7afea21802148131eba5a78f3ebd,0
qfreitas,$2b$12$TWxQa6cRTwIr8oSIjlr2Hu09qw0RZo4JwUPoiLiHnB9zMrmf5xFoC,fd19155215bfc493fc545fa56bf85718be6e4d19a35a513f19a179f15c6e0736,0
qsales,$2b$12$n2bs02T.oUF1zMmchdhnx.4ZNiQqP6EpR2mrAK7.PnuF9YKZE6wlO,2e61047cc21b98011de1b24713e2c118f1ccb3ea2d0fe6e7231180fd4a823996,0
macedolucas,$2b$12$vtC5sG2PUNWSocpm5PD5..cr4o5Jrs64.TxLlxeZrvUDbH6kIC5aG,a53208c54475abd83aa1e8da2d81ad130f86bca96008a859b3eaf1f5d4920053,0
wduarte,$2b$12$9UNRDaOZ1kE/RWv6VUXGweO20spEZVrrrfv4OgVv28dYPA/9P4t92,df9e2e21cfe233292fc8337ab56a1844279cae250b8209f685263957da4963c8,0
montenegrobenicio,$2b$12$5dFrrGgRYQ2CA/dTWXkfD.DIBNhj8xzIX77GsA/KxUMaGVvI5OcJi,a0b7539d5406c90737a98e7fe976e98c074751e0f4120f26db45d31f1692c058,0
ana-lauramendonca,$2b$12$hdGiCPPNaTzVA4.cROqPze3h4cLpp47lHR4ubQANo.JO7o5BIFV82,c525b607351cdd140bb67dc8f6ef9a43aa9587c234bd31896353b2906feed3ce,0
ycorreia,$2b$12$rkkzgoMZo8RZ2Vbgkj04YOmWElx08Gb5ZxM2louNvPLq.E5Xr3A1C,1ca3fd0bbcbb6f037b37cdeb3db10e638710a08958d1cca8b982f90c6669bd47,0
thiagomelo,$2b$12$efpuT./DkYaqlW.sjxUgweqwz6Ze5WxBVkKKIp.H3Zh.JrsPl0.La,9994ec75bc9790ff63dec0d44fb25b08a7955d9dd6efd72926155c1b267f03bd,0
cassianodom,$2b$12$k.of0s/CHenIa9D.7lwLP.49mvbgxteoxodH0DMCzPJzc8nTrbBmC,addce7bb43bbc1eee40813cdfaeed06903e86a323e1e4a95d5b1582f2e3f6a68,0
monteirosofia,$2b$12$TnMw1e/qKgqHwYizR3mJe.8C5g6.ixDR6xtkWFxKThBRsAYyVmTmm,fafa2296f4bd577ee6bdbd61c9f629f9c859a1c1f1c0e99c793accfa5b159188,0
vargasyuri,$2b$12$FJP/hmjRgMRTbromZCA5tOYEkmI1Hs5TMBOTDK7uvYp/f5yrpkJ6C,1543c84a34485f75d22abf4f21e2f78e02a0f2699e7d197da09f0a57fec2c26f,0
vieiranoah,$2b$12$NezOFuaibnFOoi7g6WBKFusdVb3PVoHxFkHth3vdOYSbMrbsaQxe.,ce6b81f1c5f9952899ae5d6d14cd029a7e446bd86d5773453695b83d0da70334,0
pimentaclarice,$2b$12$./8OafMp8FMaa992T6rdRuQka1.exvuW4rSSmDfN2/cxd1GeKemTG,4352dcbb43d575a9e7b20b0ecb3a5a76788b20a46b3a1ad44238272b37d0a722,0
isaquevargas,$2b$12$2PbZWccw7BdgNCRvL70Co.u0ouPCuegc4GcSexSxVd35/HoIA36ZO,5a086f112fd85027b5538ef7367a05ec48c21eba11418303e992aacda909b651,0
theo39,$2b$12$bZyNACRX/4rTOVs6ZYHRr.Hon1ab0Zk4l.5o9WKnesDqpFcp0d37e,2758e555bd9d43de714af572605ad1c6847f7b307401c07b5622d57e795b4bc2,0
kfarias,$2b$12$atZiPIxGG0Mj/QslQdSe7e1mUPnIS/vb8FRnZpkpSmcwM29aG5pz.,826c02f429dcbbc481290cfa193651247f5af4efc8ec4fbb30589bd6e015161e,0
maria-clara11,$2b$12$zL/4eUb2tycnJyNeiWAanOjjTm0hxkq74IYTO73hY/XEC.Bj7UEa6,be4a1f7a2787fd99d1bd18440237b187b87d909bd646a035189b14af63acec17,0
uvargas,$2b$12$wJNChVTca13Yaf6e1pusluTmiwgdS86o3OY.fFe6NXy6/BcRKDa22,b5567c32ff48ce8194107b7d34aaf016d27fd48fc6ffa0d12302307dad975a27,0
luana78,$2b$12$6TX1gMxtbU97BVvBVBcb6uXdmmKwdh8e9jpgWqc7nKQpkHTyOuxdG,d57cb8fb7e5e3c492cbaac00f3adb2c40e6fdf7e68b2294d6a529e397d538220,0
kcasa-grande,$2b$12$GxPAt1phFACTESYdxF1cn.O1EpLL2Avt5M1dbLi95ksquZhmRuwDS,8da3c6356253be6df11689ff1f33c81892774757e3a5cf2eb0a23e201cb55327,0
dpimenta,$2b$12$gwgipF5eAW9W6N6XcgiEhOW7nrflx6HSW3SQCj3h5zrJBnvJgJLB6,4f615d00217c01084797f4d0b1a78bd0e45fc70407ced1f61bc2f383a496fb6e,0
moraescaue,$2b$12$eSahjCd3Dm3RQzyGtjFv8OJwf9xuc2Xg7uYN/PrQ4bGe31OdL0Jay,32772d152dbb56bc9fb816a208ce2807b038d69e1e09cc135cfc6dc92fa0e3c9,0
manuelaporto,$2b$12$9Tu6pCL0g.x3lhmpH1h80eIXFcZhIGgDlszAe1TSHRnCLrroJVkBW,907357117240bb1adf6f0aeb32bd632985a1127c5f30766fbaa66104704bf353,0
matheus94,$2b$12$mID5Ez4Q3GhiOa2EaW6O8uCQa6UGrHuANpPXVyaN.cEc/rooLnqiK,f9fa581534afa3d1f8788c81e4bc3fa1a6601be9cb07e4e139de59372cfcd341,0
marcos-vinicius75,$2b$12$JtjoQ6TGsrizjFxxscwJU.9OEkIogui8sZx51eLoBJ.kJj/q97XPG,b75f1cdafc8a3bc61cbbeb4ae1b4df063b023b1d33e3cee491f815970f71900d,0
yvargas,$2b$12$eklp1xIGGSYxZMQyPMF4uuXC6Wjt6net2nG5zgNhKR1xaeH/hiwHS,70c8d2aefddf160381ae5e169e78a60ff839ab1c221a4b99fc6305d0437c399a,0
zfernandes,$2b$12$qAWip/Wnw5cDCCyOD/UweOrs6oGcOjnpTDTAd8yz4/7kuUqAsIB5.,8d75f9e876d6e61844024549e06c1bb030f563d01bf2c74c31e9fd9bd96e4208,0
marcelo95,$2b$12$cjU.f7LKzDVsx2jlw2j1kuVANH5Qlnymf3DkeJ0MbMJnpywQ.nvsu,efa30ae45ce34c96ec53a2f1b4b3a746d50e3fa81ceb52e98540267055ba7016,0
trocha,$2b$12$.M0jTiiyFNjU5AyRxD5mKumjrld0Pfw55z5s8kLzujAKMMLiX.nLq,32c9cfa73e3ea6e45e278a8cddc2851b88f0470092aef91a5a791d5621422f5e,0
juliamontenegro,$2b$12$RIoc6ew3//qj8RoqLzbMrOkYl/78DFu8vqQUzZhbw4Opmldgcesr2,d6abd03929e5e83ac38d83253ccf55cf4ea429b20834b334d43f0a21ca1c0c93,0
bsa,$2b$12$urSH.UFnCy1fWjQHgDbn9.bXe2yYV1Qts5PhJsDLZADqt7xDUl1/q,b163718237975b65f57aecae877090cfb8ad96669254d0795a4223a9017cf611,0
rebecamendes,$2b$12$fJqWQaSEa7OPGmzzROhLauPJrtsmngdPiuIObgPjJKTRpnfF1HkZa,0964a4ce6cfaa4b7cf5f708c72aef1b0ef9f3e0c3bd29c4be163dcb9c40fd1f4,0
rguerra,$2b$12$KAOeRn2brVb1cN/o1DCOF.RS92g5rQDDHaFrRi5wH0.O5l2SsjIle,679a51a150a972814ff6d0202e15d42872415f436e2b6104325d5cd1cf5651bf,0
nfernandes,$2b$12$3.6oAenJNGsmX7WHqUdr/ewjblGz8Uskqft7XrxsFdT7WKZfOQOri,00b4cbd5ca048373a4cfbf9636f675d6345c4ee9aa552cee0e6fd90a96b04743,0
sousalorenzo,$2b$12$LMXlhQgtqJPuFgPz0Tsz6.ZJkzad/Jmc6RialZ7Su7WjZiipdt3Z6,e0af81b322f5f1e8bc80403b73a4e6d415e84e24130e014dd2d75ecdedf14ed7,0
salorenzo,$2b$12$EnCFSws6ATmQyS4K3e33sexrlVbWNyiITHUDIDaY7mmtvfqJttteq,7e2bc16078d5a386daf6d0f2ea07bb6d18dd1a543be083e5882f5c5ba7f03d4d,0
pporto,$2b$12$XbV/Lx/2dszvL/9T./UmsOxIyPmFJCBUiRHY4KcJm.vT/wWzSEwbm,2f84ff6a50322cfdabab9f979e74b2862432b6fa2e8b9e74a81fbae68f6bb848,0
rda-mota,$2b$12$yhbBncmKaE76Rse2mW3HZOUrHPq4MngTJC7ez570lkHOT0Dk1RWdC,057d3d74484147ccc721459c950be93f5e0a948a0ae96aca482e47caae266423,0
sousasofia,$2b$12$TcV87Rpmkbc8Yn8/kmymD.vep2ynlB73yi.femz9bbvdtbT9yUADu,bf5f8c354ae83bcb2e009fd48d143c7977347ba9445f2b8c9605c5aec84a4385,0
jferreira,$2b$12$Azj5wL0AlazkHJr1aUDhCu.sEMTf72zzUGHGFMwa61dPNFmtdt8ta,d2922b6ee07dae6332be436b62d643ded345b4148e54240c03623a28e4883bcb,0
hadassaalmeida,$2b$12$X.Hdhgsmv5..8DM.6acN5OyMZp5stzRm5JsiTUhDWtdy/EBH7QkD.,f0e70e47c02b313fde223f0b7c1ff28aa2574bfb0bb6dbfeba100e6f63418e39,0
nsiqueira,$2b$12$SS4RQ3GhWV.tvt1Hw.Yux.0I6n1jw34w7A5fCQWWlWCO8qFgly68O,98221331cfaaaf06d89bf10464fdf7311728093cbac49c3e14608d5a727b240a,0
nascimentoluisa,$2b$12$EWrgzaaPeqpIqZmGEt4QxenKKUnnKGPZWDT/QcERFUoscUWM6HC5y,d5b712e73db07a60ed989c6cd8ae4a5af7e11aa59bd2286369ede833845fa3ff,0
lleao,$2b$12$BU9GXtPcGKaYZh2E5YF5ku64.nyPeh/UaHX4ezLaHh.9vMljsBnm6,6966343f8bc4213bb4138552d628430495934d38c86ee668b2397463bac57b77,0
aparecidajulia,$2b$12$dPv8wMvp.yp7WL1XCiIfuugJgRR.eko93IiKiGdgm4ZEiuww1lNOC,6ddd49bfdeaf3c4876b3f7f33ceb5709930c76295192f48b3f7ef0a504d745cb,0
aylla46,$2b$12$SFJ7PECtpBPBRls331Er.OgBdhIJOhYdFkiDrn1J5TaIMWCBEhDDm,15124b1ef9b7afa8c70e3ada2001ae10f1412f7a21340334c1a8d30b6f54a55e,0
maria-helena26,$2b$12$djlu42f8hSYP77I4k8EoEOvZ8baxKA8YGLmzl1/tI9.aMOt1vwHWK,2d400f04ef9bfb19caced01234c95c813bbaa1ca58c8ee0cd7fd8e619573a724,0
enrico74,$2b$12$ojmpBlSd0.8DWHCHWBToYOlO20SFDGz8weghFpLDZkBr6QXc7VY4G,c415bfec334290c07004b5d5879a0efc2ad4c6f6667a3736ba6de757781dce4d,0
wvargas,$2b$12$SpSt.PS8x0nOdEi40M2oI./GFNm9865IpVR4szFsqEIUAAuBS8eKe,ca5d1bf04ca83294d0212dbb6aa012fece79d6addf787874318350b5c9e50482,0
da-costaluisa,$2b$12$Gs3wtOUS3fS3Ga9BcdQsr.gZGuB27PBrHwYYJ9oYFOLQ1kUmEasa6,052d90f10e0836c9ff365d62d531c13580e137060b96d368fe3495f82bfbcb07,0
joaofreitas,$2b$12$n9KrKX2Ny1lCQE0tM62zxOIf6bn14xOLnHSyQTLlkdXomPbEfl5SG,ddad74fc18e159d7f56a9bf1b3110d9866d37e2972cbf52d7b7c7f53a005f6c4,0
tribeiro,$2b$12$vdJBlDgWqZufI6LtjTvkL.QedVnzzW7KOifP0MnCk57DWURybDeQu,55e050d380eb7782ba871dbeb510ca68c2ef9154b9ca8dc56de472b1767e30b4,0
bnunes,$2b$12$20j8jF6HtVFyzUmPok.RJeqq5o99x3QwpTwNNpW8bW0YIq650YH8.,f2fde8a8eef47460d1a755b57d1817c7a5d131530b9a846dbb847e9d312f63ae,0
ana-vitoriafonseca,$2b$12$dp/UnMgKKXZfbrilSBfnjuz1Ad8T6deQN1MLK.0Wt/VKANCe8Psr2,ac2dcb19f9259b8659eb0f0f7e011e03e49662dedd0879b47a4264fcb0385ac2,0
pedro18,$2b$12$g0tSM1kbPWMGpqK04BMYcecFomto35xGcrujZdi.mYxKWUO2VGPdW,4a8950f5460d04c1aa9ffdeeb32dbbb21be4f1dd40a51165cf72c07c6733490e,0
melissa51,$2b$12$1C7pNZjXGMXsQg2GW8DZAO8i9RowGgaA2/JJUsbTOeh.5RVEUY336,414fd23290f7feb5f5181445f3e5f1203f1848cc863c25e77d83d1936f81fbe8,0
ana-beatrizmonteiro,$2b$12$wJ4rx.DOm8Pcoaja4aUYT.pK3pKbwJNiAR979ifT7kJM5U1om/Ifa,681f5b928ba8b82e11f25c926527cc195bcd3dbd441ec595b4ab6014b458cc08,0
ryan76,$2b$12$8We.xy937P17oQdJW5Bg4uoBuGjcDrpYLFEvzwgwGcCLAC2Wy2zqC,01d644f4fec00c86ccc3c12a5d5bb12e6d817bf30e6a7abdd1d7ff7118b22455,0
maria-laura67,$2b$12$4PhZpTLuUaa0SgyfkjXsEO.8.Lb1H/bHGlJNACOnAk4HIREJxPH6W,330aca74e3abbfa055ca4edd2a85ed792e7e5f796570b84efa93cea0e19b16e1,0
kandrade,$2b$12$A1GEiQQ5YY5NWlh0udXdAu1FTez9CGyZvvRxSHZyX.306jDPPPAFS,f8a442092c7dd51a571d278984763888cb050d5b9a52e5e332d168a1f096fc9a,0
ribeiroalana,$2b$12$2sJTLacwaP5d9v5PfoBWkuIKa61N45Pxh7VnbG.eZjUYg6tfBUUOC,7a8ae7632b4ce2e6294674fe730bf565956313463df29056d9c590f42be4b565,0
allanacavalcante,$2b$12$soln72iN99iOMnk0eimuUuney7zjufntUBM4vWpKPz9/Nk3y/WJlC,00b720a9329ee3c76c21a1883dc044d0a5033a5390e7948626d001034574c90f,0
carolinanascimento,$2b$12$/U4vdoXi5vsTITaic3MSI.PTDPokBAFIOWfHKxM9wfFweIrBIro6q,a7be16681dfdd1baef06340687108549e2563b952356b95d253684d6d769c3ac,0
lcastro,$2b$12$t09MtjmyhCICk7x2d9cC0uq4f/Ajn8Iu8FB6JAlaT5ECGIE3tmwIe,3ff78f1441f5f5bc9c57d9e248c5c6580db41fb7db0249e495c819988e87064b,0
ana07,$2b$12$NXx6274gheZ3apk3Uxq6h.ZsXlwJe.4/h6HJnCIF.st654y1pxEoe,307eb5f7362f698ab61528b4612374dac33ecb7344f74ceeea808a6ec9b769c7,0
ycampos,$2b$12$2uvqxAXbU3eNJtRxyb5QCOqu2dRR4flSwI8gGp9rLmLkneBLT1cHi,7d2795fee15500d7c936030493f1127a4fbdce4451ca4d3a59c3576370890557,0
fernandesvalentina,$2b$12$NPCdBqsrgeTuTWrPqcZjKuBGOD2W3TAj96KfoLjmdbl1J1fbKkMDK,744397de23a789544de87ddc48f621457528a3a950bfdc2fe49b9619cd650146,0
enrico37,$2b$12$zcOMyswFKEYYbWhr/Cli4.m/93YP3SDeBpwUVPTKhMblZcbbF.8N2,f8615967870cb9ec8a96d338d3f51b0fc6659a29d6e16fba5c76ec3555883efb,0
rpacheco,$2b$12$xj6LkP8hjtbSxzhvn46QhuVenxQcKCZLzPjhZ0uLXE9RuSdhWzUB6,55496ed774ad34c7a1eb4ef068e4764c5894cbd95af45c3bd18565a2b5cfff9f,0
caldeiragabriel,$2b$12$0HkSXePr94KIQZTyZ0lXw.P3D/HzmCKNajL.ftSdOd7VM4M8EObty,899753320eedf6246597b6f88cdfd3f4042e02c166c06c1abcaf527c2011f9b3,0
ssales,$2b$12$Lss9UQhPb61lK5VncnJXIuhWDwzKpQbpHg3ui6QrYmI.UEfSCAiQK,7fc5209f0efa6d947bb4ff45e0ce115733092e31d9608db71d47b363ac3d51dd,0
cunhanoah,$2b$12$totG1AalkHLRgbLnJWqee.U9fsc2VhyQObtU4c/jEHZNFBE8jkvk6,3b33001aecc34d0b6482d10b64b0739cfaa0574c3bca110ba4d87be5607d8cab,0
ferreiraisabel,$2b$12$.aBUaugET0n8XHdW45i5pOBLxyNfyBk3CNs5IV2gw67edkAzU0ye2,3ed9c83ecd3f6e5840814681cca5da1f6ba7b5c07e7c1d76103adb4b669dd439,0
garciacatarina,$2b$12$VIS8YynFf.5JMYfBfQCDwuOTHwBGwbNeZyVQd76NsytOLTY0AXmCK,39b76c3ad71cba650d16063b322ff277b146b31a557137355c8752b121053590,0
machadoheloisa,$2b$12$mAodFmpEQ2zn0ryBzKaOMOjmbvVm.duu6fDwgcg7/Ku9UlSwpZpcK,5bbf5e0c77abda05c40cf7cacb2f0924433b946797235008c9807a1ef9d5424d,0
psouza,$2b$12$wcg3m9akce7DZWeYPXiPOOl9I6.GROndVZRhwkQoDji6uaEs11wbW,86f0c1e8366391e8e8a87d359412ebe8733425fbf24900c8b636af46461ad231,0
guerrasabrina,$2b$12$w7yCaikZbVNuwdg6PRtu2.PB/A9cURo03/QGqhM3xXDRVisX.mBd.,3481875dbe8ce23254354da11ed6f15ad7f487f53195796bf70a1d847781ba4b,0
leticia18,$2b$12$ZUL97PpeHZSNJeH3D4Tu1e62yfwgE2J5NiDc29UQao4BTTfwGv5Oq,6a6a5fec8f04f71872c2ca5e58594f6c5788f64ecc5b0742329e39c3ed8de538,0
brunosilva,$2b$12$Yn1ND3NrvjdnHrncfyEEfO4xu3sWAXtENKeeAPlLuYBSYB2vmyBgq,9027270faf61815ba7e1b7d06e748cbb1a141b92c24330308082fbfdf1b43634,0
rochaana-beatriz,$2b$12$LpziFzd0Wv8LcLakUq9i3.8ldYVXx6V9o9rdlghDJwmmXeyd8p7kS,91c05a1d98ae29baf7c19ed3d67f8ff28a8f8d31f2c7929c04eb1f230fe319b8,0
raquelviana,$2b$12$YcUTZ52UOEZ0F0P07eE4tOqvhx.nFtgcnSaVZXFfq/6OCX9anZqPi,f7506dd8cec2da9391a47fbc0698c6e9c98d54026c42f801a4a4f26db9c98325,0
manuela29,$2b$12$KbvnouldUzxbTd3ouRKyTO3GY.MOlMsgT0mAViGKs0JS.hHFTRwMG,6548c6f824f5161d34485c821d5416506264f5d7e9b1d748b6b2a95dfeb3ebac,0
ocavalcanti,$2b$12$4rnnd3oS4c4lEY36Z.CSHu2RIan5w/uikgoWAW4wfP0sXCkmYzbAi,ac484e01f52369d0f40962711f991754f40202fd60b65ed82101617f3aa966c8,0
jjesus,$2b$12$.hNwrvzIvfKmogPspuGTPuptxjHqme6IlCecZ4PfWkRvvBW/oiFWa,6179819a827be5cb2997c5c4d911c60d8fe61a21e1b7a802dfb395863acf0efd,0
maria-luiza53,$2b$12$KQVNQLn/0s9l/NzPFiLbf.OTx61ZbkJDbPgJYeIOv4Lib4Cbuf6Ay,82a64ea16e2c810ecdadb50d970bfa11e54e1188ec9440fde602acf803ebf0fc,0
joao-gabrielcunha,$2b$12$4.Ygr7zsBMLDfOo5rRajKeY5PhzSUH.yxjCHsP6lH6VJqJfeCSKGO,f391e3490ec1da910652f6bbf113b0129416a0ebf7d7494d116a0acede63149d,0
marquesdanilo,$2b$12$cIT5qXkfotdfek4JTWG2VOCodcbWlxRb.YsSyDsMX0QJvGp1KNw5e,fe799ee48f6825c40fb3809c6c06fef055d770b8fce8cd876f8fe094a2e0373e,0
enovais,$2b$12$lSeC6R8XE.CdOIcBRwGkSO5MAPmdJMd7p7FWwQrhVk2kaBE9GN8J6,b068b669b6d29a6fe855725abda4bf17c3cb9ceebb3af4675ac1194b12d5226e,0
camargomariane,$2b$12$ONBwZcRgZYLAtUdfnLsFUOyW9MkC06WePH50HkOmPzwoapsvaYsB.,9a1592e8f906b4c43fb54426b0a9fe7138702581f19c080d62546211eddc9a0b,0
esther66,$2b$12$nzYLjgs0U458BCliimIIIeLd9ieS5VMid9e..oygz9vy63Y8irPre,72b497d239386952eea0e0c035db4221b6679549099c69a9d27b8a3669f220ac,0
alvesjoao-felipe,$2b$12$WY0sOIkpWTikSY7QzSDoZOI9jDLPvJToKA9c3.8lXNN2wH2JoaOoW,6de0b13cb191469e38d49395376b419607c493616e80830857f441da709e15d6,0
eda-luz,$2b$12$WcvFipYEzuZBYml.dyR6he.t/ODI1v/w4A6TR6DWV5T5sMgOnVUk6,bb1e6a7e790679713d1ddcca5d61c5da8355b8ad50fd941309185b0710a49ebd,0
henrymartins,$2b$12$Kt7fqAuS5H1852hTlMAXu.Bjm6lKY7u3Uj7N8/8pu5Oxa8vBrpAAK,c65d781f8caa5aa39338e14cadf2a7be50798ffef468abe9bbc59f418d37a399,0
vasconcelospietro,$2b$12$KG5N2COSEM3K.af4/iXdZeNnqK7Ht8czdmDETi2g.wsD/6gvTFmCa,e42a7d779d5a520ea5324dcbc8e684e109be3f51cd38e3c7cf8bbb513bfd883e,0
gcardoso,$2b$12$VIxbE/CSog4srwzQ4vUm7.bOQD7HscV0GtvlQ/S.3dbUBaK7qkCMu,4b801b6afcf4cbad0f0ec57271882da58e2bc59200d90888385e63e2c145f31f,0
heloisaramos,$2b$12$gSuZP.PNaVvk/a8ebTb70.PQBMg/zX4ShSFshl4.QwyxOze8jUaji,068a7d17e40fd8d5979881a6fe49c8560b6191b2b086950f5536456bc3e3a39d,0
gfarias,$2b$12$YF4/fa7EP3dtmNhlAEspZOrwq.gO1NJ/6jgZ9pJih6hEoM3NATZO6,f3c81dc2273ae5aafcd28b205270d8b21da9d765bb6b5e49455df9fd671bae87,0
uaparecida,$2b$12$fSgBhwvlVkecbc6gXM9XtuMNwPoP2XbMTlNVluEM5LNKSRf0XhXa6,cc124f0628e60c8cda25ba9f1408c0ba7d4d1d5885981028136c472a956fcf93,0
ferreiravinicius,$2b$12$zgwdI9dPMAnLyExYmepEveXFX.5WlxraKfbxp1qiHG0v7rxCKiHGi,925f7ba3721c2079c287795b27e85b0872ab70400959007187003d5d9dd3162c,0
correiaemanuel,$2b$12$2mh.RX.UWYWuGvJ3khvpjeoICzaCCt.g6AsKKo8.in8Zq9gWMExuy,41a1122cfcacb39859505628d7e5844f16203dde3cd5edebcce5cb96fe88b287,0
dmendonca,$2b$12$qFuX1gOiKGjwvsxS1ljoo.u346N6L6QZAlVb9l7oxrWfZzZbSe5Wu,0728635c5ee2d655aafbbb80ea1d8c28e4f1fb3e5f36585b10ef812f0f793446,0
theo73,$2b$12$1CkuDMvGVdnTOh.9YgvduOyhN580OQ42IkTxqo/1RU2eiHWsvZu1C,8c2e2f9a031ca8768f7d07a2972a4dc23d164d663c5bfda6894919fd7b0def7f,0
antonio72,$2b$12$MvC7bb0MJAID.FDyzWMbEeTx7mr1R2oIGe8cQ4101FwsSRc3dvUtu,71408b465ea05e6c99c28d074cea89d41b1f9f8d4e2e0fab9186be808d8215c2,0
cavalcantilavinia,$2b$12$2jw2KeSilPsiMbaAGCd0P.w2KJ0u7iB4L5al4GkQEbzT9XCTVeZQq,118ff7a99d61ff38a9fbfca0d129750fd345e20ad551fada5f7fabdb945296fb,0
ester55,$2b$12$Kjh0cxUV6G8geMBHYVgcNuXBa4OGjKt6p9MTGuXVsvkUCqawHPqs2,7ac8c8966f509c201c361574310e0f4aa0cfff7ae92a0fc1ace52e6e065f159d,0
helenarocha,$2b$12$VqXWCnGynHcUrXxNKmYbs.wpSG/fU/qCNzvypulb8qDbbz4rapu9S,1d3ee56ea180a41446541aa6a378cfa669df2eabbe53fa4228590bc5e7b0ca61,0
rafaela38,$2b$12$Vw32xVfHppJ.aea59NpvQ.VCi2RjtZQQIqfiOUMUYB.kh07WKQwdq,afd970319c1936972b4f069ef91740d5fdfb596a90d642c1f43b913ee8b5bbc0,0
joao08,$2b$12$fSs7sxN1zq9XPNxcv8ZWtO9hD.esFggDJ.AuVtCusH3TQhDiPgByK,85193c3d87ada469387e02c1d7565a4562b60a724b3b6908dc3a741e52a20554,0
da-motagael-henrique,$2b$12$SXN1pT/GrsXXVx1WweEewO/r1KnjqYYdEONu/twOyOXBi7hy6Ub1e,bae2fd293abb566abdf6debb71e9a6380381c3a65e1c8b0b94e808d619af478e,0
heloisacaldeira,$2b$12$MTuFJhoN1LFyn3sCszoRtO09lmGT2rIvoocsTNwI6Ke31TeyITz3C,272a03f1ef38ff1bcd1f1a4e711fdd8b0c533ef43d799ce84848203321fb6556,0
camargolevi,$2b$12$yfqT3Z2RONsCAF9/jbXOOeXwUYyZiAbEPH9BdcMv3mXrTnB0yqD/i,bb489b4cfa8bbbcb2a73708ca70f660a8b87b6d41e009cfe5e10e830c4d831a4,0
luarada-mota,$2b$12$EProAF4vaI3Y6.yYW5oQSuJ7pqaEIQcXreMFzTATHKSWwZ5vUiUwm,2d19c76e1fcb4d049874c326f10c3ee07221c78b6a485c52293103445edc272a,0
pedro-miguel53,$2b$12$BRW26KMTJOS3qQ.fLkWR2ugCmjXrMbAmcZ5l95qAc//m9RznEX/7e,522ee85c05b6bd11fe8da269f76dd62a5f48c40f92199ff76eba899fbe97acad,0
lucasjesus,$2b$12$ksijBzdUErPrkIIbosUTQuMo74K6EW8FYnAJ.hDN7a43myzpmKL7C,eb3d4b04d101dc735e1486b962c402756bbf890c101615a54262c6b2d2f1ff77,0
benicio13,$2b$12$cIl8NF2SJXzjxlLaYc6KsOAhRuEQHtaF9bYuGGf7cyV9BuuOPLl2e,922777ed7a1c6c437777aa35cce80e1c2747025e25ff5f3a305a55272c078c0a,0
yaragao,$2b$12$58lVH8Y0IA32QdTHkPxSp..ivel64x8mEQuhGzVOg3ptIUXALEo3y,bc6aac8988261b4432039e17c1fdbc993c8f2718f1933497c5b6d2250121700b,0
gazevedo,$2b$12$kMSgfXALXD9ueZqpDcLrB.phF2AMtiptJtp4SCJrvHPuRp9nDqdRi,d2c3b723fffa5cff07bfbadaf94fe0ffae62570d567cae480aad6c5ca9abf6c6,0
saraujo,$2b$12$o.ypZOsNYiub1UJ2ACqYgeTenNGFh.JVAMSvtVGw2vdO3xvVE3SmO,8e8f23c6fc2030bc7409a4130cafd8a48f1f0a8ffe4448379538029940d12409,0
ana-juliamonteiro,$2b$12$pxK5FU4GYWU2rQuWsRYTbOQDWzBmj8j3idBYxIvrxu5e4hnPsUlgK,d3e7a4fb941caefdc2cb14153c906195e5d18059a56a6e49abb8824ff69d8c58,0
evelyn33,$2b$12$P/vs.Z1f1arFnbmG0oLZzesjk70KDd6v3JwlZYLPFhHT.X2NsxD4C,b3833d23779683acab66e8fbc48165bb2e7e5fa6013a177c8329029dc9057ab1,0
aliceda-luz,$2b$12$IOkZkqP7I0weYuzn8JO1SOQZ5NVk9Oef164tariqDGQUc38B/O5k6,02ff13e87a45496406645453f806afab8068bf01482296519a2f1502df3d1ed4,0
fernandaazevedo,$2b$12$DRL4vH7/qCVgwYvq8mZheeqkKExPxfpixro2QS/SZ4avcq1EGT3Pm,736d0cae6e7f82eeb53c30115b11e079d86af4c6937ad7031f226786c4ee8f65,0
ana-luiza39,$2b$12$socZMrz08jXzegvejmXKougJjikHuXe./3Xd6kphloIQ/4BQwiPxW,740850a194f4e1c4c5b0e243af2c457c9474c19431b352dae4af8e1d593efe90,0
caldeiraana-julia,$2b$12$2UxbAEBsRDQEDEw/uxurCuh08bzZphRwQHIOLZgLiCPWRRE41C9xe,d54963232d0c666c2d40d57a9950e8ddd361f733d8ea9f3e5e91277be808c243,0
matheusfonseca,$2b$12$szzYLge5DbhPB/AG.xjSp.3Xqu9AITjcSRt6UkdmKr6je2fI6jUnC,77e3b9759bf0e3188105beaaa01f13e1ec5eed94540ace0e9a19ec745f88cb52,0
siqueiraaugusto,$2b$12$QJ.e9kOcr5EDCMK1yY.lKuPtUXM/1rhGW9lGqtofb1qa62CJwDNRm,43a146789a22b3aa9c8ae701ed2a4ee64275138cb40f61c3a96c6cfa203bb655,0
lucas-gabrieloliveira,$2b$12$mEP40WwhQ3Tua0TageCwDelBhGrcQWdhVc9/huhdIgckVmtKQLEpC,f0914bb7c282c4565a4a6bdae3971a37ebcc8040c3ad9d9db95db4cadf982bb7,0
rioskamilly,$2b$12$3z76FiSqtn5CqcY8UjK7F.ddkmzynixISdHItDAhI4wXbRNMTHg0q,5434c1938210ead9365839b473f88514b15e48978459567e69e30ce7ae10d846,0
allanaramos,$2b$12$N.k127QuBxLmVHSbjZsMy.dSMOn3gF3BD2UgyR6BkWPqQlrv7TSNa,aa60e389d6a23fe2b329d37c4b3d23486b8a77127c210eb2d0eac53af34e18e0,0
souzamaite,$2b$12$zEETlv.zW/9NbOLWcVyi..tKkotRmal85jmUP6T4fCYQbXbkoST9.,e9a7d9634500bd7118e0209b31a660e938fcef39b77c8d592446b95695858c08,0
juliadias,$2b$12$yPHGhZxgtqUJHo5NAslMe.XMbyuhB1.wl1h/AaJfrp4TvWS3N8EqS,fe6d470352c6b7d49893de9a46c7572e31d3c4236a6a02fe8904c734b9a8679b,0
caroline46,$2b$12$Yw5315C8arwzketH/g3sY.aDno2/IeoW5LYkq9OCi9k/FucqUoZ7G,3e1143c6a14aa9f0c862f7c4a6001a002c17c7709e7d3e6f74581b66f90b7ee9,0
da-luzhenry,$2b$12$/3Bdf9y8dMBGZv804T22supryZhR8MBSKlZXJ.BYma4bW9mgsaNBq,90fb4ae55a0cdc4c40557ad879949a2a9c0934be72f57e03d133e80000098aa0,0
juliana95,$2b$12$3R0eKprAJAp.zm4fMIievu18pJLbafEkcRaV59/iLl2l6lAFuCWSS,a039570ba4d7ce8e0ae0516ec409dedd675320d79c5b773d795db584bc46ca14,0
vargasisabel,$2b$12$U528NR8bGY0XfHZjOf0Q/emhL8rzfK4UC4ear6Yc2cP7Wb4dAViou,de13fdb575a6087f50b3bf9caa0059c1edfb369ad633dd90df702932deda3b5b,0
isisrocha,$2b$12$XczhuoWYT/6sVS90Ixt.AuNMsnnI3kswnEKTHnaMMNy8Nn7.s.SLm,f5254d65efeb06d8b02cb336085330c757e3d5da3b7a5d2c37a20f37e8c963fe,0
limabento,$2b$12$6RHUlkh1xpeywkVuHCOEj.8o2DHlkZRzlFVW2bFzovwJueTsTRMqy,4dae71860d28091efa977d88220d8d24848130b0c9b48eb1aa1053d4bfaf2d92,0
igorbarros,$2b$12$vbU2F1txoE0olXVj/JcicuDSD0BxKwsUqj508Sr6zuZau6ZNW1z3S,d18d6d0c41725cab0c8f8a56b882435a1dbf37f22f097ec47f8897d3dd66cbd2,0
joao-gabriel31,$2b$12$P8DRIrq5vH1dkn3c2c3dD.yzXDxiX7FOxt0GXygGj4lIItS/gIKfS,771671597c982da2f3790136ee1ea039fa6051f4088cb714d46a2a1675bb6767,0
peixotolucca,$2b$12$1AURc3D.jj3awNZBbNTL7uiUzKRns4oDPJbVo0UbbStkvLMKxmNsu,4ce4f87c394a5c31e6cd7e819fe6f3c919f7a4bf7fbbf02cd5c969c1fca7f929,0
aurora57,$2b$12$VGmYs9NWIqOH8zsxENRHFusHxzu8y8EtfJQ7ERqavPsSWyGWC4rNu,d842a34719f44678e4b072f89493e423c02eb720edff8c935a4e43d1c7a6768e,0
nicolas78,$2b$12$4TiRKyjFttGSYwk6Ww.Uo.nCPGF3s2ySET0rO3Q.zbdj9i0FSiBye,7fecb2677156f33e6bd87a3aa899d25c0baa67f25d35c08d013fa217194615a4,0
raelda-mata,$2b$12$2JHKntPoCgbw6YCvguncQuFBd0ITNaPwaDFw54tLjNVWv2PX.sCtu,5ae431018b1f756ca666537d6518c88e55370db7a4a5c25f568be07dbc1af47a,0
araujojuan,$2b$12$sCnxKbaldlCxHk/pxWtWC.pjtWf8u48bI/90DlNKO7BAyTJ7dWDJu,c47b0898a8434f44e561b85a384622bf75b1cb170dfaa8ddc0c8895bf203fad8,0
ana-laura41,$2b$12$Ubby01UZrJPv4JR8vS8DceafIyaw1ULKc.Ddewh8C.2JWYdko4UfK,acc47aec6581c4771a68e572eac1267d413d2fbc7ffeb9d185f5d60f23da89f9,0
brunacassiano,$2b$12$QP6GL7w4J2ebRvrWROOLF.E9eDXLUTmKfgr4MbivRB.fmdZZ3I8Ja,998e60b3b7e8955ed5bf748214b776731ac3c6113c4de378eaadd9c5194ad7ff,0
ana-laura47,$2b$12$gG7V6FbKs1BjbC3Mpm8v3u6yPSv8WRmA9nPfdxRCOcQWcaCvcoiSq,2b30481a725cefe7ea926344363658fd8732356e796325304c2ffbfce21870c9,0
correiapedro-henrique,$2b$12$0IwB9KOWexNLk4DNn1dZ3ufuGEloKqcBSTVcl.nNXvYlC0WLtzfsq,f5cead099e2d77921c5233b2cd85e3574d5f6e09093e455dcf5db8b34097e5f5,0
maysa83,$2b$12$mARIT1qODLAb/683rw2VIuTjaksArSPv2ZoPv7p/CxlmBfDTjCJO6,2b67ca75286dddacfddf26712ef668dc5a9843a3f9503fd5867a0dd096cd2f9b,0
hribeiro,$2b$12$hrP9myrC3nYxmrZGcYnxWuIyydEwthf/jqHkyFf3WUE5pPV8ilBFW,5dbfca78f85ad9f91299d9bba850353c753ae9ff635b4a45b718acf104251490,0
kevin11,$2b$12$jWPDU5AaBCrxWiFiyPWAze7ftpoQVABQCmoVCFtUShuFQwdFW7r8m,a39e9ac8a5dd2d62227d9aa7bc735268c9582be7bb43ee989e309f41debeb257,0
moreiraluiz-henrique,$2b$12$ctNw5x5sDMNXpFPBQE6izOnQpOSDD3EDnhw5kloVlB3mULyiaXnYm,c2f61fe172ece337f590aade31120a7f9851945bbf59926e9c1beaf161e04cb0,0
zcampos,$2b$12$JpDCDRQv/wgolZW0FRrqh.4nKLlCThlupWhPVMooRX9tozWzt1nEq,1196b97648a4310f84e92e3c966aeb651e13ea6790ce8f77988e5e1797ec4e61,0
kevin59,$2b$12$5J4vyxXHdfppSwTpmgENvOhrxk.74Me..E9R8/dPqfDmlEtlGw5mi,73a1aea5a4198c10ae1292d3bd599bdc0f042d0881660c613e77a634c350859c,0
thalessales,$2b$12$/9tnrqsIpI4GQZWzIFQh.uHr12Sq.8CZRMPC0.8Rj2Ml0eFF.DovG,4ec918e4332b32c118437e0683b539eb8f823269fa313de988012f3563fb8b5c,0
wmacedo,$2b$12$ty8Rh8aDpjnTRoDrtq0M9Ow3MNO.2Fcj/Dqw7nps4s9zY1EwwVndq,5b1f276a2c5c764fd16f0c74a1100dce1c813db0ac946d2e17c6d280dc7b4566,0
juliamoraes,$2b$12$oFp4hheird9NX9XLZ2Dsb.Z7wjtR3G/MKjpdRBXN6Sp0qRqvZKJey,7e1fd953d92f7feb9330cd6d678709bdb7993900c05b8192ae9f6a4192dddf20,0
casa-grandeana-liz,$2b$12$3Acb0ZU3ZZ0OVYZIIFNs8uDx7tuTkBmp/B1W16mZYiZKXE58vrW3O,57249c5397b2e5b632987e4c2e6e2c2aa0bfb64f1b5c84febd9b8269b4f005c0,0
costelathomas,$2b$12$E8OWSHHXFwbLUDG3RuT0Y.3g6EQjNoIFqOF7gEqo.wrIFULkBB/Ou,28117e80d59a20103910fcd706ce29aa653411d0b116b512616e12fb5b8e2fd7,0
vitormacedo,$2b$12$t5WoZ9hYu/ecLBvL/HkQJeyoY9zLncvtqnqmioTQpOzq9mhvYeI7q,c4c28e382c9f058b215b0a5714fe1f75ceaa4eb2dd80696ed96e97f77a7f4a3e,0
brunaribeiro,$2b$12$Y3ho3fFThLmW21JT5szZeOpk1MaiTK3gCF2MWtLPQWUNZtVAObseO,60f653604fcace80570a093cbf4580bf2931b7d1d47ceb50a144d22c452545c6,0
caiovieira,$2b$12$Hofbnk8szt1h4wv.lr2PyuLmF3PF/gSSRjEPv7oEr.2jNuTm9eCrq,f207a6cf5615193a4765c485db3b947843fb1bf6fedffd1e8b60f55063133561,0
biancaviana,$2b$12$n8RHyn1bJEugBs2bhsUe2eFTTh8VtOHzjphOQTaFNBxKYhxaHLWiG,3e951fd8030b275ab4a4492a9cb4f9c3a644913d88bd7ea98bc980fb97fb34e8,0
davi-lucasnovaes,$2b$12$zm3LScajw5Szl5wp2JrZNeGn8o7wRTbWvQAJ8KJ5YvsOMBdR8sjfi,ac482603be27983aa17dcda2e198f70adeb41ae9872104d62c4312a19d776843,0
ada-mata,$2b$12$aTEWm5phrR/8NH6hqS1iVOPl2jZYasbPlGFXCrtSrfvDEhbUhxC.G,7263995a1cac3c82917e8399859b9739d0ae3e624e47205a23007dbce9225b1a,0
ramosyan,$2b$12$I.noynC1MN5G0vd3NNtbcOmS.ntcFvlsCJA3BU1htwCTbO/J2/EBW,738a14f0a9eccbe2c9c6aca2bc8e770918df69223a49c52d31872f9926c87cb8,0
ucostela,$2b$12$3NUURWb0zIk2dhTDbtl3CeYcFuVi82fYA9ua2qeWJbvtAFKiIASzK,588f96a26b7bd12e9845d056497a025f8c2f064e8f632f4d62ca593019387733,0
hadassarezende,$2b$12$sv3p4/hYqIusCQCeWBNb9.cgTabVRdwvgkbvXkRspC8TOFCOjOEbG,026608b0f7092cc1f2319bb2cf39c7c45d61339e344863b9420d8e34e563d912,0
qbarbosa,$2b$12$W36h5fbPTBtxpvEsBh8SAOCNFw/TukHbvONHbSK4gFkZ1aoz5jwu.,0946e60d6cf87ef33ece3e771917c576eaa5a96447c847e7b3a37765f5c057a5,0
maria-flormendonca,$2b$12$XYksPO49Fc/YBP053RUMpuaHmx96N7bnoMLhy3W/SlDQ.AWc1HpX2,b007b5ab142e8f68564231d516887a132fe8e8cec13af1f414a43641692193c1,0
goncalvesluiz-miguel,$2b$12$ADsV9PyDdqYlBGtu6tIR6esIzqwzakqWIQm3KEzFU6ZoQqwfC8e1u,69e543d2bc85724c499ce02092f50ae3657c3cedb4e501512017e086008dbc32,0
alexandre53,$2b$12$PQZoi/O..6U4rIktoLBPIuih3X4BHDwF5rQ/BT3pGgMLCgdx7qtQW,20fa62d2a49b755832741646c3f649359211dd49a30ffe94da775479fa51c5bc,0
fmoreira,$2b$12$kaR9ASWNw5PD3y/5pkTeAeWUHV2KpRHPCQBBlp.thEJldo1RYWTtm,6e3ce94fc1e1744c66428ed9534305088960b5e6ab43891d381c4f0ae022d1e7,0
fernando71,$2b$12$.i029n41SghPbt48STMqEOHe32YcNDOxYWVb92MhXOZ0wSj24gnxG,4944f7a06e5b32d2f466d35e9626c27b97fb6c7704a3abf7076a295b7087ed18,0
fariaszoe,$2b$12$A2Szi5hZKXwWOL.DBOQIKOBoiZ8F1VhebZdnFtop4FNQHmVUoLb/a,6fa077ae45864d9eaf2204761dfd5246cfe439c4abeb0083061a90389ef2604b,0
vianamarcos-vinicius,$2b$12$foVn419..5vNiUm7HsCOjOf5HBov8mkjy869b9OYx8jnf0oxVQQgO,67b6ee7f9f5064b9835841f894295d4fda0507827c310b1d98c8cc7ed9f684b7,0
sousapedro-lucas,$2b$12$nCFr/Af0MV7MHIZFYH1mKu8Uea11NEtbp3aWBvU4F0ULK9wnv9P7K,1efbdfa8fc84dc9c26853beea62468aa3acebbd6685147379e34a2b96902f19b,0
thales17,$2b$12$C3zHlkONrxBlnFnze8cuPufQp5tLQyTIZx3VOuJr/gO34QsQbyQ4W,d93e303e623dd86a68b26202b609140b42e9b2592dcc44aac7631f07f021c117,0
liviaaragao,$2b$12$BuSjC0oqJQrmPQsKzp5O1.63VIy3AWFOpRMjaYKU0RrlH/5CkSBQS,ed5ff368dc229473b09e50106677c5ebf37a6bfec47119ed144eb468672e5ee3,0
anna-liz18,$2b$12$Du0Nqv3dlq3VGwzvbU.mMuR1Y42ZJwk0u9yTYbZrlQMq52lhEuuwu,55e11683cfa9ec4f1b1b062edf29fec86b32afe7f16ab57f8a328d5a4dbae9a9,0
opacheco,$2b$12$8RJ.7GkWewzL4RULbU3hcunfeYrhpbNXVkjO3NMcK/1UcLkirW2vC,982e2d9ed5dbd17d4c31a8c517fb3cfa6db9d2f4ce4805ed544f071c1b256936,0
arthur74,$2b$12$cMn/8ZT5YoFvzpRZwQBeOO48n5JOrFd6JF4QP5/F.Ws8Zrlq6XcrK,d310ed3e91070d957aea3e4255b00161f4da151eb02b296ae29e6ebb83f326ae,0
maria-luizacavalcante,$2b$12$t2iBSTpr4P/jo3LmVeR9F.R/PtyZugeh.3eJiWbByDTnPc7UcF132,f6976b722270b0653c078fa14feca4d7bbd68d0c3bc9afe5155fceed1caca2df,0
smachado,$2b$12$jGN6MM0sYsZGZON6o.oYJ.Q.UosVUsmWeF4s7llVNd2pFwHGXeemO,d65b96c48a424a6ac5939da54f7a62e99f68b6eab407fc08b2f4786e9988d0c8,0
benjamim39,$2b$12$dkEmt4JhhtIOxkpo4V9DT.19k7qhvq6Ad5972/AlYWXP1arnrNFOW,a4e8253c149d2b87b3e6a39423d448a23521084af6848151cff73b80082923d2,0
sousabenicio,$2b$12$GpFHtiCniDZZ5blfuCPk.eEC8yB75v5d4vfudkQYwe3Fe.8rUVOu2,cd2306de200f7ba4487771bb5f13cb2389471e58a1138c60988f96bc41f69ec8,0
alvesvinicius,$2b$12$Vx7K28WXVPMn7i.mZ6AlluP7WhjheOdFK46rYRGC6R5Ob43LFLRp.,bed7f3d44566aae24c79eeb8623c65014d9dd5a89f74236690f576d0c1905c91,0
bella95,$2b$12$EZsO7IwpOFErz546mDUDC./mFawRVlmUoR2vTYJPdayalm9BZPoW.,7a288bf3d839a281efc516ac0046f831982ae220a9db87360fec29d5b8fb63a2,0
pnovais,$2b$12$QVap9FgWDqhiZrcdb1EtCO3O5QXofBqEB6doy42ue.KwlMsqxKBSy,88b2f0c1c20fde26379da5d2115de19d6c313751c5de6a54530aecaf1b4ed3a0,0
nunesisadora,$2b$12$fsugyQdoiJUoFCYlqGaWXO4X6VYZTTzhLoAefDGnGIk4X/lorIZ6G,539413b19d42e7e4e6385053786fe31d7ac051f049f5ef3d1dbca3c516c72193,0
da-luzluigi,$2b$12$IygjA4.lYu4CfthJQkZ0j.bCW8hTepXDwUQPu1rTdCjHnd78jkJg2,f4621c1b2bcd697b43cedd2a1e04ccbe38a19c41b14ce0a8d03f596b4daa35da,0
uramos,$2b$12$yMDGGnWKdxpgQweZZFlvGu8slqKtHiTRyVdfkIgwScSwBmRyLJHk2,eb43c2f99957504dbf9c7639ea0dff413a9ed72342b253dd369e26135b68b705,0
alexia25,$2b$12$vbx5vJi9C2iuQuj8FLmp1elRHsXU4pTzWzbcOYCdfbe5leSWlzERW,879402f7e27fe6c70fc87ebd090e2ecfca5cb1dfb0007a3f628f117357f61c63,0
brayan52,$2b$12$c/r8V8ntpZR9ziLZXolNtetn8sZ8yvFLTEBlCQJCzN7JToG7dKU1O,576266af26437ac28eaf30a8d0fe62ab0d92335b9c63d0698d93348df49b61cb,0
lorenacarvalho,$2b$12$eyxMcpwgll9NA/TR.P/qvOpqk9s8Y/vmFfQULlVuAtI37oK5v5sgu,4b6cc83609e6aa1637c85a4b3c2a534cae56b7039c34cbb78e51439dfcb9d7c9,0
pbrito,$2b$12$nlHsrC5Z23kqbu7rwbJbW.n0GrsF13lblpi4jXHWpqzwDjucd9x0S,ca8bcaff37e6b3e8b7b8005daf365a16552c7e0335c6d9b9ec3dd2f420685063,0
leonardo37,$2b$12$9fOjCEl.4fpUH4l9bYFGQuatQfkoUvi9f67dnZs3.EmzBynnDWzMq,418d95076990d45e0d04a20627ed5ebe1c8918742e4c3d4d4e1baeaf248dc351,0
egomes,$2b$12$Hji3QD68k6uGOG9Vy0iPZOnfoJssLrbk3CFKM9vGIpw9tnAvVBp0S,0a090068c17d7ae009131e562892f297b6e4b73532e1c079706ff9a5d81f6a47,0
rezendezoe,$2b$12$MOSlCtBL71MAvmevKkSBCeJ8YazvASjSvDQPz5gAHkjnq4mEP9pIa,0a844489941cbaf766bae28a8cbdd034c65a444a0b895c44496acafac2785978,0
da-pazjoao-miguel,$2b$12$/nxaAYwy6ubLkhZqcyJyK.i9x5k3EsS7GSn31lFmQDjGg8Z6kIDES,0026aa88bca3b740714c6da2074499c8e5cb92336394681cd692ca05a2f9134f,0
casa-grandelavinia,$2b$12$61Wew4dWLxp71tCuEVeR/.R9Q.8Rh5LZRy0FmlpT/UAg0fYRxlAO6,9b2659cb58e591c9cbc1243c46abf8d464cff42ae0e51f514f2a2542e48be873,0
dante40,$2b$12$YFgoW/1FeJGI7lWLHAWVWe9EtMOTvbObv27BhNi./BGwZT/yIiuVW,d85583d1e5eed410619db15937829a63262468b384ebd65a4c138b73d9f735ff,0
joao-lucasda-cruz,$2b$12$Isrd257jPPstRf6YiTIiA.vkWcJK2NW1COSvXZXiU1vKzsj8I9GXe,d344c36d90123ab61d4f9f3a046e1be3bcdf30e54b3fd226fb4c87684ad3e547,0
liam01,$2b$12$H2e3KKomdsjbUzqPt8suYueABowzc3VY6RZ6xL5XIl6F6pjIZey2y,845dde0bd527e8537d5f706a4bfc12bd643c6f61fe4b2cfeea3082b6f5930fbd,0
thales12,$2b$12$n.zIyeX5q2mZSV9hbrWSX.guGbubdjgzgCE3smR/zs.OESmmKNoWi,f31b6e30c6b1ee9c1a0e92da414c0096cdad8510993b8b1fded36e554dfddf63,0
fernandesaurora,$2b$12$GDsfXmr9NGHZKhU5nq7iDuBS6GLcb5LXiFNjBG5axibGPxUp9QRsi,60934e162e87d1744f563873583b5dcb759f4c4e6ce9bb14d43da64ee9c4308c,0
oliviapastor,$2b$12$H7rzAE.mU2RGJGSpXF4wjuDgj9EwaVlKyaLlAk3jORafVfHhbXQtu,e5383ea0a11aa1f3b488bafdac50c6671b185772d13ef1dcd5c395028b4779ce,0
siqueirasabrina,$2b$12$7OrPvGk86KVfevqv.VW9necWOOQHE7ZY5I4L/Xht/9Q8u77D2GkcO,b534e06fc40b423529c5d42bfbaee61b70fe714cf69f2a7fa5379a3596c6ef8a,0
rochajoao-gabriel,$2b$12$Es6MljJ4SBPTIy3OmcQN9uayrz2Ehl1.8vsplRYotKak5bqyJHVp.,166fd3fb123ee1f7ae22ff1ab472f4a9af088f268732b3d9afa458c293e858b0,0
heloisa69,$2b$12$vVyVkUKQo.D9zuzqeTN83uxjpIzz5NN0dDU0/8mfojSDT.3AyTDiC,ffee043d71a3a5ad891f724d2a6f2be278ded54b4d5309be2446448e7f650b4f,0
osilva,$2b$12$i4BRa6SnRfBvAh1vVb91beuFE8wVOEH1tD6BC642NQzuMjb7QSNP2,0341d217d6d4e82624598f0c99c6e7afa27c3197da87dea902b4fb1a413251c7,0
maria-flor99,$2b$12$5o85phuWTS446zHa8fvlLuu5RezTDSvULLFcrR2rW04hcNUQCJ/oi,277577b6064a07f5248f9c629691e6396ae63a1f9e8ac7d4e6c1a4b0d9e4dc42,0
luiz-fernando48,$2b$12$UFW1PGJJV8h9VZYJnvhBzukUyPPVi0KEDcAQMWBYMotPRlhRoP6W2,5864a575a2376c8e86e13afae4b06911009cf768f6479a57eea85c260fd05c67,0
leaovalentina,$2b$12$Ow5cR2x8z87gL0HHvkbV8uOSQFD8DwOGzYE1Eyam7i7hSn6afOHpW,b60354a31114dc4576a9e99a308f22bf1365f74d13f60a8bc40091cc6e45d442,0
barbosacalebe,$2b$12$MFCdBIYM0QGRI.C.X0jqbu1A0mkmeanDAz049UxD8qidAjzfzYXOq,cb4216c811833db9d8b28f62093a6c6ac0fe868e36505930e8c9cdfd0df81eef,0
leaorebeca,$2b$12$qgXA7CrvA1bRBOZ6PahWqeYz5utHU7TR/08p1fvcNoy7/taKo5gM6,a409acb499a90ff8a5bf59bcf0caf5c97c15e0b61b3b6bd83e9dd7228215049e,0
lalves,$2b$12$Go19CmfkzrAGuXtxJegrNOaVwkBrUZ2b6tObCfEG7Y299uIZgb1ha,f6cfbf52ba95665a2ae62e6b1a372132edaaf611d82b705bb212f7ee27a996ad,0
isaacvargas,$2b$12$Ufbk2EIi.ZV1jav0pwc3fuUuHoIttbmKI8WUz0hNAEBFvYDmkKvGi,03751bc2d1dafb4b1d3d46176ea6a982170e4f059fd4b3efe1b14e5a78359869,0
meloana-cecilia,$2b$12$0EOdLQReYxJFXOSFeqVyaeShfYDvAgxchy4hzNI08mXhm1irzllAi,a2552244e88ce18b5a221e7c054da7399e1d681e5385a829c58cbfac5500a4cb,0
gcastro,$2b$12$bR5gOL9mrAbgcmiCulRSQOrcZN5Qk11ramfLn4ft/0SLyQ2QD.KxC,7318738f68ae912bd953be72d55bbddebad3c2bf08644c13ad8a5bfbfe4c4cd8,0
fonsecakaique,$2b$12$cGtNQ2lRiXerAmTW.V55kujEQ0TDvyDq108Ei5H8321pJObZt5mhS,40c2ab3ee274be38525f809789e854c4cb564242f006e1878c8c19998a4b1fdb,0
thomas23,$2b$12$buLzq.XM4OI/A2tF8qj7vOGSmfBFlrYnP0zI3/KKdGa0gyORkt/lG,22438990a47b8904fc8293fe4bedb078f80c21b7069fabc0e2f564facc1e602e,0
josemendonca,$2b$12$/Pjz8O6is1WtW.qW.JQeoOFKcmYDPIwgrcJkSp9o.IIlnJVelv4AK,302af1ff62d995e54e1a449583d21739eeace23c1c5be912dc2112392e556d59,0
tlima,$2b$12$7yNmourniuthz1WZGuPnMenJC5czSAO6zSHMywL.6qV47Fr69BZim,e182bc6ab2a66c67aa24a126ac606b160c370b9a0abb006458413f71047b8dd6,0
esa,$2b$12$1x26gt3sD7mKvOnJP4v8SumjmmzUg3/8d56vv1VRCsqFk5gyrqg/a,17997625e45a1a18340e6603d2a7cc58dd68fa5ebf34126cb6a78dbeb9883da1,0
kramos,$2b$12$gcZGmZ6uGQSCi7isIVmt4edQGpQPePXIZtDDcwEBttoCkqSOQcfQC,4a6343a484ca3b26686ea7465f7b55c248fcc1696954b63b85f2bea967961264,0
maria-sophiarocha,$2b$12$PsUXadqaD0v84rwwPXe0JOkxqhG/eq0S06rk/T3ktIPzbkKcZIobO,222768eb331cb305a4ca0e362423ac03737ca70894e0455b77ca4ea578a31a8d,0
xmendes,$2b$12$jqZ7DWwhxZ44QZKV1kXEIuK3Yka5Tu74sQ6fLGs11fXPo6NojYf9q,c1b9b72d17dfca705d84da0a619a9e5cf59f5493a7bb2c691d07b91119c7e96e,0
cgomes,$2b$12$u1kTpPUgmPxPqbkMQtpQWOJ9uRigTG6Zp9Ict63YL/oeMRPBA5lgS,c7b235294a76f77aa4cd6d7a0585b14d21d58ad6764a3527ed207fe13630c0d6,0
teixeirastella,$2b$12$JIfP/p9bnb12X89.k67okuYgQ96DxIccmvk7khzBPvU/IEcDbTJ3W,504ffd411ef8116a831f7e2276d61e98941e931597de493255ef3a3426ebfc09,0
qrodrigues,$2b$12$Ob6CJGYpVw/XDOUwxpw26O3ItUyIhxqIASbDKgz2BHV0u8HFoP9yu,f3a90b60b4ce0c8e96444c9b625c75dc870cabf21ff384ae40afbd50843c40e6,0
sabrina87,$2b$12$9wJjQshUSyodEfbLB0fkB.sVmtidMKynCvFbgfEOL7GSF2Znw8Xiy,707b6e4fd6cb163e56ee4aa4ec6834e98a5083bc808da76b02a5f10c7b0b34ab,0
bda-cruz,$2b$12$yL6aoGzOguRyh.bPRlDor.RI3RIaG8PwSck1GAnxeqt2c5dylopwe,df2a9340a6c16f9c4b59e55a5c9469e9eebc41a9039b75d49eb1288498f60421,0
juan94,$2b$12$XVygJgPPdVQW0w2lLr.54eojVeaTV5XZ.ljpt8hg3.BNPiFT8Eta.,5e9742ea2380e8bb659eb424dcdb82ffa9ae61cb61ad90175d4bb66d44f4e64c,0
alvesmatteo,$2b$12$p2U35/UV77rf0h65j3M/i.Cf0GTDeoDxlpThLzLnpbWYlTYd8YjQ.,6f64c2e1ea17683a0e6e9c59613920d1d3824ebb47707bd41bb9f89b66643054,0
joao-gabrielvargas,$2b$12$0jY0CPGLNOpTsiYMl5eQFeRPJXfnWvfOTEIiGwmgO4DUoDSLqN3wi,e9e51cb9063d433e6c11a802cf5ca398a99c31ce09272bcd917cd7f82bbcc580,0
abreuzoe,$2b$12$4nR19kSoOdXN0QQHj5GBQ.PoO73gC2PAPkSS1eakYVPaN0zDumSwC,3fba5f4f982719e87f0d1cd4a340c81f37a15d4292ae58da746a500e93e991a6,0
novaesbenicio,$2b$12$2NOeq/lhf3WdWSjzzps/GebXCpqOs0alBDz.AnrkLL1MD.5stTGDu,e14d4ce643aa91cdd87e37841490c281d5b28a78dadd27b78817abf119a012b2,0
moraesyago,$2b$12$khFw0nKjnSH5FY0IuAmguO2tu9NoMQxJNJ5pM4HpwUP8BLhhdGcxS,8226b81e9eeb3499e2a75f6dccd3925e4e6a3d2edde68c1de27c53d4c9d30951,0
duarteleonardo,$2b$12$5Ao7Pbt4ITcBWkmMmnyEq.a5k6kLahxKt4heWN2ohwCLIQT01jMXS,28978e7b7637f8bf7aa05ea759095f1ed525ba2f695d4c2fd1bc7a418a7a7305,0
emanuellada-mata,$2b$12$n66DFeE6TKALe5N2gHlgke.Q2jGZBgpplJBsZDl70KOfR7BHdCBwG,c7e0ff551e371eef71a9e706402c56f63f1b7851a1a06ed5d3e539e0848055da,0
csales,$2b$12$gHCxmuT0LhD.L18SzpTstu6nH06PHQnRPk19w4.Ra9CIGoaTSh7Fa,3d881bd1cfb7bbad90ab7d1ad0cbd52c7cf7423427b5334b62fc1b45c9aaef11,0
pereiraluna,$2b$12$1.b6YrAx7RPGILLDTZnK.OITrpCX4S/LkdNSi3wXEy9qE9C50lH9q,9686241b829815b940c95adc49783787fdd9ad1da3bbec7880c4bbbe3462076f,0
samuelsiqueira,$2b$12$jGe5E65TfI7gMpBjkhoQ4uYebdFmf2EOGCGLJh5L4A70kv79jHERm,7cf0ff43e13aa5a188add8735376a8a11cd1d7a2295675d57d5c2cbff0fd6434,0
usampaio,$2b$12$7ito.7z6kKTmnhUJ8wD2veC0sVw8Y/Kqla5WQtfUTp.JgvzPt.Vcu,29157a4b0fedc84ca23bdec12d5167c7f2ae940e01cb02f65cfc7f1044b30cef,0
maria-clara06,$2b$12$Pjz0ohFO6o6OTk7F8reM0.UzJhV3PMqwDWror14vC/rZ9O/j9BWXS,d7c80b083418473476c74532a699a419b6a67a836dc186d093624c8e070c47e4,0
juliacavalcanti,$2b$12$lEBe3iZW8u.MzeORpL8rLODFYpAqgKpZuoAo1RnK25L4SeWyWDq7e,2bd144594fd9dd8cf510a82d5c975f59cf233f705a66ceb89fbcdc6dc0d617ad,0
jcostela,$2b$12$TR9aiYHG14HubB77BvstPuYZyVd0mXvJVlpPK5nAlCp9QiaveOb2C,3266d900cd97f7caf2fe60f9a15762bd384b819d3075d198b1b70b38404b6310,0
da-matamirella,$2b$12$3fYyQWQPqXP0/Q4vgdKe4.jUhyh5fk6dbQAXDwxjX1cApTUNTpEuW,d8467a715063f0caed9a4f084a3751f61e98b36b75d1e5e384dd4378025e4192,0
tpastor,$2b$12$XtraJwgjzfEoO5T1YLUGk.yec3Xmt3Mfx2bVG1yY8p8gQBe/JrDM2,409262c58bee017a2b075564d7f71a4aa9e8fe4e77a5d74645ceefc87d0ed8b6,0
vviana,$2b$12$xEuRweG.tDkKUbijmxcGw.UIcbQEEZrQtPW7.IzPOpfjBy0SlwH7K,cc4d2049b0b5cac03edc7f6210138b5e358fc4372c8eef9a9baa2a59c420bb99,0
bbrito,$2b$12$0N1445feAF4aATvF5sIBsurb2NOF3Vi6cKbQV0SjGMbJKCwp4mLwu,d7e8eb17ec078bd31f71feb2a708a3d006d14c781a9b8b88600e6aad933430c3,0
ana-vitoriaribeiro,$2b$12$.ybEofH/yFzwjLXIQ15WOuK6iJpw3BG8CIrlho3QVGAnvTiqOWDWm,58c19d33bb025d601bd2efd2b3252841dd37a3dcddcf48405c2cb700640ea827,0
esthercardoso,$2b$12$eX8CGq.r6bFUf8wbrJOvD.jBzj.uJpkB8bHEbLLem94DWVhjA0NVS,cbb8c6c773c5181a44caeed9202d566106fc59a3370cf4aa7c64286287ff543c,0
oliviada-paz,$2b$12$/Et7Ly0ath1KWw.8JKCkSepXW/kUsimYSxSmTehQeONd5NGSEdaV2,5c9dd674f9ac500fa20527544d56aa3e5db92d87f9d0c6b366253e2990d632f4,0
correiaigor,$2b$12$0K1V2QVagik5YHu.5dnX4uHa5MouoaTLKfFE69mJ0iQQca92xid52,c45dacbd43743f82582183538a4516b6b59be71c0e05a18580eb893f218daa79,0
gustavo46,$2b$12$3ZVUjwXtB6haVq2VE8ZO5uWxF9AlI4m3qoHth22pHAXcc66d0j7la,a18123e0accad66497b4c82a0db560d78054ab5299704c927b5b7fbb74484c9c,0
mariahpeixoto,$2b$12$OLy9r1ZdurlqKzSoOQlN3eY6IETbGhykfEN4XKyxLy7sAt.hThA7m,7ddb293ad825b29314413df6d172ce767159ff0b6a58249dfca4b55dddbeecb3,0
francisco85,$2b$12$Ye48iw8wsiSvXx4vm5Jfve84MYRmL/jkZyObcN9cQcJyMIFyKUGv.,06af7b0c1673c5511e8b3f70ebfec63ceff7f885e4545beba40b65e02d97a4aa,0
isabelaazevedo,$2b$12$vuGrvSCLNPsJwPY9Q5grJOedybdq20VqWXlGkmQTLiBJ7kTGvxw4i,1a60e237b3081ce9917479ae5441f75d70a51f7bcd6b91456f30fa6be9e917c9,0
nrios,$2b$12$qNj/xi5BzFHi0M1xWgvkYuCriMhvRGucwsFMKZfE1D2gvETxy32tS,d216fd10790a298e15be01180b5a1c6e3e1d547599d316d11e3dee7042c96c50,0
biancacarvalho,$2b$12$VWIImfdHkgFeyLSSKk/eX.lpsS6IMSEL5Iqf2G8QEqY99EBfNTD/q,c6699fd8e268f42155b1dd3db8ab65eeb4f422160e2747968471501768aa4256,0
maria-clarafarias,$2b$12$XViZ0WzJyfFYZDS5evRq3.4FcD3DxCuFVZV1MkbPH.9Fg7SxKxSBy,78ee706eef8e502eaf6e42ad58fe475fc73b86ad5002c082b014785277206592,0
jadecarvalho,$2b$12$E0zwF8aBLOT3/LzM06FS5Oc/7IVinsCVwPP09EAUctASlW0nkjIV6,aabbeb1e453e950f1f440988ee98fa63ad63774f22dce29226bf24c78a8a1105,0
juliajesus,$2b$12$Rcw2JHBeBsQVicjPgcIe0uqszDI2shIyUjVPObqWo991AzJoYhKw.,35f425f23cd411c39d32da4bb4d782ece33c8ff192b5349d25c52c04c3dcf775,0
jose58,$2b$12$.DDrmceg/WAFtkPqmI2qEugStnlrd9h/7lXlyi/zB0upV0Cj//6Z6,95f9b6208f1c70232f6154f84d46082241fc981b9223eadea9f9b1dd63fd6370,0
isabella13,$2b$12$jW2F63bJ47RLeFSuQDYRHOtJoqU0DLjOkNTKiuoEJSITUdKF4ZSaC,6e661af47c5bbc9c2b71f59f351a46173f4ba22d6b60e49e26e8cb5e50ed6c4c,0
benicioduarte,$2b$12$gw66.6OebZmkLmMlV3AKtuujJYBE1jpjnjqQLP0tSlbOvpnOFLDWe,fd9d4f1a17e752b11d6ed5bbfcc91bb1df3d685cfe484fce37c07c8a9c8e4bf1,0
eribeiro,$2b$12$NfDfBYHBU2nXNQSV/2zGVef9k7moerW4Ds68bzMeo.gFY.BOwRy5O,93934b51718baabd04fbcf3b15e372b1a247ef26e85ecc004cc2fd253185bdfd,0
ecampos,$2b$12$Sj8s4ApqgfDJXTfq0zzhQ.i2njta1wbCkhP2Xezs89q//lyeeW8hS,3756abdfb640e94ab50cbfdc5cbb2cc5e3d02ed80865fbb59b0bbb5a0e4186d8,0
correiavitor,$2b$12$nJouH73YpHdeyxMI2.WAkOxKsIXV0OF4vW1Z8mBAYod0A5G8iCHgi,580633927d39bd153f439d7f385bafb9d4780433bf8b3d299709ddf677432c8b,0
borgesana-beatriz,$2b$12$1fscExVhSj1tH5aNVmbnMuJj0K6gZetmoRJUXKkhvrXVkC2tzDeUq,ebb2cb87e8264cd93aba0e4e89a3990581ed4360c23ab4ba606f30bb991afcc2,0
caragao,$2b$12$QDvWTY9NrfS3cNELC19hFOTAgLzCSLmxyrK1sRh/nktMrL9fPTRsy,91bb4d9bed9754589c8e74cd2f22bb6b22847ac11aac9484616c46c99c266d40,0
eduardoda-rosa,$2b$12$kfkt3r890vbFrMs3klMW6eSv.W2mR4Nh3LrHTNXsoLSq80IdI1Bgy,554ebfce58d0c551778d5fd0812633de64f92a9e848734608d017c3457bc7285,0
maria-julia75,$2b$12$cWbvW1uZZnM38x9vP6bjp.XVccI7Fdzdsa/uH60K0M0M7B7Oo5dDG,71196fe2334bb47f52a43700032387542f60b329ef85015f5c4f56de1386fbed,0
yda-cruz,$2b$12$NHQ1AtqlV83i9va6M0rUFOx60cCODtTqDha1yfPiFyKWaCcio54Wu,fc248555dce80f2d4715045127358b38c8d5863366eb149ac52de7b4f7436654,0
marianafreitas,$2b$12$qVWQyEXnB4F94jiTm5nJqOkYzbwUxSpJL5tPJsmQ7vimTlCFGjVSe,aef5afb6faa1058077f57c6bb9a472041c93eaf00cd41fb6b12acbb7a6d54f23,0
aguerra,$2b$12$qMO6iS0PtZSspd5fzX7lLe0dpslswOe04FsddN4cGEQZZHb8sE9SS,d50ab35e431909231d58b086ae6e1cd599177f17e1cbe932597b3f55c62449b8,0
rodriguesemanuella,$2b$12$JlfgAUmjTYJgBtC6HUl8ceqTDt/uBhF2i.zVpbapPzxB/fBNeS3MK,956ae778568e9c02677585600337541de6c3b2fce6bac6a1c12c3b4fb68a810e,0
candrade,$2b$12$QbmD3ZZSA0SbvEyvpoQLpeKf1asiyu.gUoX1TZAJM8YB00JKcCVQi,b68f3c2f1005fbceb523906b05f835e13cbe521a2851a4d317fde2255c289b19,0
emanuel42,$2b$12$EIa6wve1TYkRFech0rxXJuK5yIx44PPCaaAUdIL3urdXl3SqCjuaa,b64c9a27c1593825f9f837d2f759f6221be4add3d5eb0141ee0a8c93fd283508,0
ggoncalves,$2b$12$SoHezZv1HUej9Bk1JYmDpuEUJZqAptpiKKxozfWeNgT1EXROkq0am,98ea850f25d49f8ce7e9119b127054d57ee4c966ecbabb04eefb52a158cbc5a1,0
lunna43,$2b$12$6YUQ50Vxi/edmVuEYh1cHuo7TjZhevBclBqLQNOkGwQE8bAtP6dMG,f72238528fecc2b4f47c95927e544c9a2a53216a2037fbd4977205fdb3ca867b,0
rsilveira,$2b$12$jQH/JiR9nzu/Xnw2Cqam3.R2J8WplCH8.c6qxQWK8gzNzDwHwa7IO,e932e19c8257b39387bee081aa7078aa9a7d56f09d638c69c8ff0b8253a76c83,0
almeidaisaac,$2b$12$VZ96FEa23oXxa/RB.fV32OIjTwYfgp0kgcZixzPiTnHFFam17jipO,4551cadbbb287b86d041b7a27733d2e5d9ba93baa57a7b0359ab53bef301e723,0
moreiradavi-lucas,$2b$12$9hs8hJhdlsvdqtJNvVCBh.OvYgTYXejqEyrJ9i7SYxsCcdTO1Csj2,b7ed242058b92d8c130d6327a3ffe2051e9062ab0580ddb79afd88fa4455706c,0
nicolas26,$2b$12$bRoj0XacRndmIdsnpA9ZqOe.y73/IlG5DThvEyYGbTO9HEpdapJNm,1040be358ebdf7d9e036ecdc78bfa4544a5ff8b28b9e2ca8b61ca988820ce37e,0
uda-mata,$2b$12$Ke0LV8q6HByQsl9Bq43vAeWnDGTq1ZaC.M9z96c6aqX32okbAw7BC,9a2026bce59465e1d1e57a5b26bd0d98014001e9249065a760788e3bd55a8198,0
fcunha,$2b$12$4VEEZ4.FO81Wt17lKRyEqeh5PQvNjyixTtwn.0jNOtiiae6zkFBo2,9f3db9e3da4afb5aceeadced0ed6abf4c37eabe350ad9ae6fb5da0bcd2f3f072,0
isaacrios,$2b$12$e0QOvhmWNOcVYFAZ1B5sPe1WO8HxjNWmWaeTwULOY1Djy5QLvFUrO,bb4e68455510b2e3cd4fd6f5d5a47b12c64c752af218f91c0b480d98e978af79,0
machadocaue,$2b$12$qLH1Jo/r43rBD5r6lg41Qe8xOe7UMLLYR2J2/l6QEsY9ffK3EcFCK,fbbdcd4fe347c0ececf75e27b66b38fd0ef6c6542eee415dd76769d720f03400,0
enzo-gabriel91,$2b$12$BDJ66vsDuK/PwA1kV2mAqO/xgvVf3ew.NNsnrqn5LTOPlRrtSIaM6,52fc19149a0ae5fba6baa2471c957002e626875d42bd4a994603f566c0e05e86,0
vjesus,$2b$12$A1/RLCnoURshlecXbvidMeQlX3yT7hTjL0cwB4Ocfz0aKkBVrJlZO,07ea699c74b0a076dcbad145428509ce096c30c5656742a9a9a4d1c869489b6f,0
da-cruzalicia,$2b$12$VjQgbUuPsfdSp5FFWQgi/Or.HnW4dEdPt2HepNx0gRNul0o0dvMzW,de398c8c21cf4c8ed510339cb6ca1c4c998243a2faa9d475a948befbc2360f1d,0
luiz-fernando96,$2b$12$uveV2uBGQYZACjJWiYEq6uQbE.Lp84bLy3kWvNI6O8RCotxygGdVO,4f402697fd0db849bd003f68ef97d6ae9fc86d6f20cb65848313557f2f4e29f2,0
calebpastor,$2b$12$Nx//9rwCTI.P6MNiA1Bzge6/QpkPiNoo6B.ilrzqDQHsXUIh0qXae,f4deec4abfa451aac1aeef3f216384f4d0de9a224b852329c5568c6158f04ab4,0
goliveira,$2b$12$voc1ucfph/tWxWpRFbhSQuAJaULOKjSktnRj0fEtAzAXppjZ1lgry,2eb48ba885ab4f6008fc34b4cb06ce9ef9b67e471f16f67f86bc4e698a1fc956,0
zpires,$2b$12$c7qfuF0pJHsD/n9CBnIvKORgtbngx/t.WlPf9jW1nRrr7TZnCLJEa,e97f56d0bd188125fddae2026ba940d0d8597af99d2401dbad8b81ba89b86ce0,0
maria-cecilia11,$2b$12$Le2tBH2Wf0O.zsBZaJzAp.JagymFAThBdI3Ohx7gUP1tnpkWk/s7S,da5ebe774c8a52d37bdedd0280412b9728fb63c2622a42814ea38451067251f8,0
qda-mata,$2b$12$.hPxkwldKhXmlCRuqBAY8OGEn3DywXcP9iMr4jisNE9WFw/Bt9Fz6,6e9755b5dfd6eb769879cdae52b32d3bbe1c51842b431d6a72be7d987b01d7a5,0
manuelaalbuquerque,$2b$12$KL1KBKeD.1jXuHkW0QfWOeJVyHhd1P0mYJfwQN3TwVZM.mCxQ5Pc.,0831568b30089aa620b795d563873b030f4a04f05adaa3fcbb7b5823d971f006,0
pedro-henrique69,$2b$12$JOkh8FP/Ekv1yR56ADg3cOmTEfANNHH.UbvWliI5vPHVW5ZRF.O42,4a34882d6d984f23353e76b122572baf32cf1250fb980da6c2dc580ebd96ed40,0
brenda61,$2b$12$cnW.C0mGRvEwsV5LFY7ED.D3sd/jG5Qsi6dlRhIViG6tNu9ljYOT2,c2394ee06232eec231baf8898e9bedd72159fc39cc504493b716fd55a5e51552,0
gabriela74,$2b$12$flWsU3DKspikuMxu9VPdxuTNC5T5j9A6KSsMxlt5RNjh3q6XFiWOm,42b0a588588632f73b721163ee8041002bdf29eabc24e708d80b5c357e1d4aa1,0
isabella58,$2b$12$o2cTQIn7i76mRVMS0hwjXuY2GhLXY5ZTtujjFhV2nK.g9W/n92hGq,6b9581a85e03c190e73f5c044508c499939af56af12b3023331b9b869cd7dd31,0
sophie16,$2b$12$SEHf7HwMBx2uoRIYGPLWM.AlatoIZs/pqDmT6JN6bAYt8C3Z31PYu,173f2fb8a9fee371b218786d2ebaea2e63ab25bc8f3d99d250584efcce9bbf04,0
apereira,$2b$12$3ihfp2/VNNeNGDUgcKfEV.ynZbcBQjvDcazp5BaDHqTppFA5PlcBm,420aeaada1d151791e3249f7bd05163deab3ce18006ca44b60410ce28270377e,0
agathamendes,$2b$12$dh0owWrqDfUjXMBvrXqm5OOURjSlG4pd5yBWfAfQviXZGJAbBAMN.,6ab86da1457ad75746d0578ae4236ce77cf3d44fe46ad1fb4c06c937284218b7,0
vabreu,$2b$12$NTB2HU0DAXGVQAOW/oUj1OXY.pkfpYkF1I9JAu2eGTTbQYMY9T0na,35ab3027390b79758bf4df0ae28fd1a09af7dbd70424d0b86e03a53631c0a05a,0
isabellyborges,$2b$12$lhW44sQyXnH8G8SxFO2gdOq1pmxRnEMm7hQv2vWJnhJUvYS2WolFO,9a7717dc3e11531bf916fbb9401c00ffb8f47d05322e37f2b9f08559d297f4b0,0
costanatalia,$2b$12$RcjwymTLYzSBr.fkcBxyaO.efOrR5VCWiVIbm2u28Dss49gbR/EUG,13c7d42cc48cb9cfe3a934b21c3835e71d3069d5134a27f1c35fc9245d643f26,0
aparecidasarah,$2b$12$C.pMuzh4w4WOqVVBlLhGpOVjvI0n4b2WA8UwUToiuAJnyAsk0vPui,13d960c73b1ae920d0201879b2966bcba84c21b5d0dc4c196d77a68e56ab9ab7,0
maria-eduardarodrigues,$2b$12$Ph1lLy6hDvkv437w4iGQWuRXqPDiFL1awr4fGVXJk4NajpJEGyooC,22f950ab8b0646ec177bc46d2492e47c33342d4dc339007446c3057dc9e02ea2,0
miguelnascimento,$2b$12$8T903AzqwRyZq5OwLWJqBeKuo4yKYxt4hkD3qz9RmaslmwIQR1Ayq,d8db630b588a4acf9f25109eac5f413be40ac6d9505c5b9b1ef4f561d7d5f014,0
lorenapacheco,$2b$12$x.a5PAoTWD9LGneBQoaUb.YmfKPmAPObloS1BZlbqrNtoJUdqhZqu,770b3ff15efb01e80064241ed4175f2e21bb79a2ea4c72468e4a480e083deaf5,0
joao-lucasmartins,$2b$12$WrQhGFmsBXK3dYTGN0/pgulgjMiEogTldmsHVzUvy31WKhhoeaJ.e,94e2e5280b2fe4e630b6447f331bf0d8fd69d3f9a8c58a1f33bb8285faea6a48,0
guilherme00,$2b$12$CfAJWfDCCwR8mMxoQSx.qeKYixO.f0OeFNGwh33YsFV3ir8suyeia,55423d951f75f34f894348d035509cd5b5e78cef6ceb85d379672c1e86671a4e,0
mayacampos,$2b$12$JoY7EdZ63qjXB4fNigW0ue2qjqO51zz2aWLavtDtH3nf77H8f0RhG,fcca2348c17f4803463dbec9288ee76304df0a9e27da48b48bd4acef4276befd,0
josueteixeira,$2b$12$.Lth5l6mVCpPuor90inzue6kcTUY1aSDScwi3.0fLqwTKlRJuDqUa,ce6500710967a1bf19c97571785021fc998e9444ccbfb807e55e8ec5ec2e403d,0
guilhermemontenegro,$2b$12$xqoUlBc3TLxvSbJwXbuOn.6whfcyhIxPjeHgrSEw9QMjbzcXitFFG,87c293484782b0f2ab9fa848efdb16314f482aa79d91d6a760f3b36fcf0b9d3f,0
ypinto,$2b$12$5vRxGHooXGqpSqMACWxvROhYx7rqKEY.f4PhUKR1q.3ywdXvuyWHG,045af7caa651c6e66bbd00f2c529a260edeed8a4e04273a2fb0392d9d9b5fc54,0
da-rosaisis,$2b$12$D6D4.lsC..M74g1y.QXqauXPmXzirikRcqql3dZEQEJ5lS.7A8MRa,440ef7e28ec6cd6ad8251da14ea98d893a70442e1dfc44bcb8447ed0d2be5af7,0
juan14,$2b$12$gG76tjecMn.qayoQmjSe9OLLYrLelPMK55If6bW36tly.a4OnTF7e,7b3ad51179c020ce380ddff0c01f79d0376265d5d965e1f25502d2f03364fc97,0
crios,$2b$12$uKR4V6QWUkjbe5gXHZ99XO5RI2TUz/Y3d9MF1fFdGJW58d832w6MO,207f72313455329481af550615eff0e2a90fdc2d8307410357b0cde0f4c49ea6,0
rebeca23,$2b$12$yRqaNTDbrpU5YjKQWYceiOcqCYbG15.l6DA1CmI3pE6VGeczQGZfa,0831ed62877daeef72feaa52d6157c6d18159597ffdc686d01752b1cd53405b5,0
maria-juliapinto,$2b$12$.aWfYfWZirVRq6Hp7myvCOwlr4EGIKLbVP2KDwE8Dpa.iCaM47Zpi,e3aa55cf0073e3b7ef60f7494f83a7a1dc2c2ea0697c16cca1285d6c048d7326,0
danielasilveira,$2b$12$jG23XgAa8U9ynV5LJK.qL.B.Ha9uRVY68NfIpiJovTGZI52DthYH2,be0e79a5bfca9874d518a55ae5ddea8dba3404d1894f8de813231ff21cc2a622,0
benicio99,$2b$12$InQP/Q7V14UXQSWZRvoHku1n.RoNyV37RtbmfT31P9g6hvIuegcMS,5422de4bc905433b8673b9c54246714f45fbf9d84647b290174010221140a851,0
bsilva,$2b$12$mgI5DMDtpvsLzM3eYB3L9eBJ3MH7JugyBKk8eYdPx07YWvBZVRWcq,7f8a5587f50bc79e949a6fad48a6cf16ea9971ba0b23ab1cc6041e06569d3163,0
vianadavi-lucca,$2b$12$IbZpU1KfyJyG.11jcjey7uq7M.1KySie7JCiJGjKK/0m9uJXW.sTG,74cac262e48abcca9c9d3541a3f96eb86f77fc12a0a14d2232e6a212a84ae14e,0
joao-lucasfarias,$2b$12$pouFcwCGlVmdu6sSl9E5LeIhrGVonQiVoMQr6hRjN9ZE4INwDPcE.,a7c1cd12a58006db8c8c927c8596aec30a048409bb7e20a1c8be1d92dd66cd67,0
clara67,$2b$12$sXkIegr8WjdNsjupwtHTwu6eMgcrbBoJqZg7h0wtH5dMr/yX0i91a,9b5d1c6959751c8b04fd5bbd0733083854cfd7dd083d699b3ed349a585d1f2af,0
novaesjoana,$2b$12$Teh/uYQvDS8xj40PkSfpiOa9parI4i/0fZZe9zaYihathUXkyIVUi,5e481e6b67d5ae9daf861270ecdba6b576a815ffc6f8fadd603af521900255df,0
da-mataandre,$2b$12$yN5Z2UT8p6yy5Iw2oBBykuqzF6tfYJxzgLMHNliTq58GFawF2myOK,b228c00a1a2a68d8f9cb91c1439e7586b1474ed7d0adb70d9f734e3f25ece4ba,0
pedro-lucas76,$2b$12$6cV64lv8WyiclmI5VZQdkeKplxe6TmGiMvUecPMQ6.oedV7Mvox9S,3f6c727ed789ea7f1a8ec109d56fc57ae99f72af3acca746a04c1b968177e720,0
melinaviana,$2b$12$7lCzypaPzy61IxXeKVr6DOxOVPqXvuJJCs04JfdBy1mswRlxXsVZ2,5e72cb81a78830155e6b6fd9bdb36cc53bfcd9bf5881a419e117e0051292ecc4,0
camposmilena,$2b$12$Ie5uElhfwt0i7HGLW8NJceEG8bvcalPBWcAC4Gwm9Zy6a5pxlswBe,c8aca0523fda041bd9f8ecff64bb4adbbeebd076d49a53d79d11ba546536f2da,0
zsilva,$2b$12$DPv.66PL7zZ3Q5n/yU4sYO.v7aKJUg7N1.J69S22yOgi/ZcPDu2YO,3efbaa41ddb0f850d670a580e0bc18bdd48e9ce2b9418df09cedc4c226a08d94,0
pietra65,$2b$12$x7Y7gu/Ys3MM1bxYfcaEdOML9VXOw.vipZJNITOsTr3c7H7OILVIO,800f4ea462051701e142d098a5a07e0addbf51dbe10e758f3d45d1026384fa74,0
kduarte,$2b$12$cssjKZVvsnm1usno8TNafe9SQ21b7ZxLE1E7bFUNR7cLTi0QHisKK,26b1a5ac6148ed756c3188b0856eed9c996a749caf7ab6493ad3ea8da180ba14,0
melinamontenegro,$2b$12$c8R.oa/IkOx5.OhiL.5eyetbcc1c6lIlD.U32ZFRBPrtpGBGBizgu,364cc2c41d1806f5e3b5406cb30db3117360e8080307324d80f5aa1fd30c6696,0
clarapimenta,$2b$12$q59ppG7Cih6sz5Mdx0IYM.AfMHgSwhjrsM5zd12z16ox4WEeyv5u2,a3391091a49054d07758155cfb66f793f7f5ef943055957126ed68e0ad1bbe03,0
isis51,$2b$12$j.i3RNKs7GmPZutV4ps4eOchGcxLNXp3S17OCQ0vEYw1d1QiyMGPi,2fce55a49d387cbd6dc476ef118982a6e3862b377c439c2d2b399b017bfd5596,0
da-costaluan,$2b$12$AQ4NCMeeAvqS0NK9BXdizu6.rEd86zH4pUUbA1KKY50Dboim6bgzG,66e33762cf5300f3641800f29edfcbacc988a0e6a44b198888e370f8ec6ddd0e,0
oliverpires,$2b$12$u1cjkI2NbxG6sB0lL3i1nOFs2C0x02zOPh9EdOrhBCjW/lOVJ7g2C,0b0a7b6d8e0f23963e0eb43a2d94c436d76c52f2909aa3aeef3c559325d7e64b,0
leaogabriela,$2b$12$6AK299P0U0lNPZJI/QO8zuLzDl0bC.ygF2vzv67195xqKYyIV/cFu,1f2ff5684e7a1509b006726a5a9a7ee6f3431b583b14f67250753ea5f563f35e,0
josueda-cunha,$2b$12$Hfp1BUAQQctEVosY9Zd7VOafcIPP6srJG0vTpVWJRv45Wfh343w6y,9a9415e3bf415f755855b9ad50064f7d7f089073c9d0bd8123ff9451f0141e3e,0
hpires,$2b$12$Kzlgi1MoCtGBfHrPsyq1m.XnW9Edn0s0eKqdpEJUnMQ5W/ouiUAmi,5cf7eea07de96bcf314cec5f901ac7cbfe519c5580c28b1b1ee0828faba2e6b6,0
wsampaio,$2b$12$EV/8xhodJ6GD4D98k1vdGeK1LL9rSTnm2/tJlYh/aBZ2FTvNXDG4C,e90c9b1e9c41ad70031ae511fd46623c68b54977598f39b6ef5a4ec3a14c7352,0
ucorreia,$2b$12$XuX9xFuTmaJQgy.o8yURZeWweO.kt6r9xs1lTkn.9LVTwKQQVKbjy,13cbba28d27d85fd095faa348b5f44e6abadc9b249d693291eb2d67ab54e55b5,0
isabel44,$2b$12$XnvAtXZqypniVndqdPlU3ukDIKhjJUpiHDLsEqrLOd34pNn5Mk9w6,d5a3e74b123b71e7b094dbe383c9507015042ebae39ba795ac2ca89dd454ac03,0
da-rochajoao-miguel,$2b$12$3bt1hi4y6LFrRlyF7UMl2eKHO3oMJab4ESpvgp4HTPkOWAFq9AE7C,f6d5c087a2e78dbbef481bdd622c3e828fd1cc269442c5e7e5c539cfb9121c84,0
lopesmaria-julia,$2b$12$qEYnG.rMzGw/AueaPKg3QeVfOgo/AKviMIHaoxOhAo9TasvpY2x6S,61147bfec7963500bce6da0603c4ed1cd90fe0f460892188ef2b937e08ca211d,0
cirinonathan,$2b$12$QVv.6axq18NINLY5nnpCt.VMVKvDijir1dnl2cvFhfWS9oay9lDRK,e52d320743796c2a1eec4d60463248153b926af13e9025b9e45282f918ff0b9e,0
dombarbosa,$2b$12$ol343z8JEsj/v0gvlcg9E.NCB5wfBJId9V8LuqYheO3np.8LM2Fc.,6fb69e90ba17c3630fa211b6245d6000e1419db57b976220ce7e2fbdf705e2b5,0
agathamoura,$2b$12$XOROFqQYK5Rp71qnmuz39uk049pQCSA5uvJJGFtk8gHpmAIQJvgUu,3f3f8501a5a1c0c2942479e3891a58ca0460bdba8e0b6184a56967678fbb49f2,0
maria-vitoriaoliveira,$2b$12$sVhzMQMhWHKoqV4lKczKmeKhWgpTZQAWMbvEaW.TlQPARWpvJCRSm,7f643749438b51b2fbb8a808d28999396eb016cbe340d85d86bd1c1bbc2b5c4b,0
danteda-paz,$2b$12$up2.fmKaVeRznfv7cLfVVe78uvSf7Em61xfob43BJo3dsWOdovMKS,344b58f5ceca069519a141ae9d8eda0c4cfaff1699f04903f775d72c19b7c54f,0
maria-helenanogueira,$2b$12$ctimoM9Htqf4nenbYQxw5ebYr6RmZOJ0dFD0T5povlm.spemMjsT2,9f04dd3a4727d6bbaae56bd27057e6f43361ae69f37c985bbb67777f49ee119d,0
thomas55,$2b$12$YlIoTw5Rnsxslz2lulstUOhRmniH3aXevd.y3QM8W6PeA71Vu.ure,ba8c430f8d9db7c573a19e7f22cb5c9f82785e221449f3c4097613c25365d67b,0
fsantos,$2b$12$dhveQVj.bqGFQpPmgaxPDuMayyuiQEUEPWOKoGUtHlLIAFZKwmJIe,593439779c285470ba3ec7e4617ca5962e19d4a2c73f7b8db074dbd1bf1c5556,0
caue03,$2b$12$16Qf528u33fbCjH4YZxPTOxJsoZL31dVg2D4ti7.VfEXqo5cQ8.na,5fe6daf466ccd01bfc1a538d86c35421c7746dd18d82130044692580d8a46a9e,0
agatha92,$2b$12$h8MFNMJMDT9Xx1F0YEyPsuLJEeeARSqmV05TX7Gqqpi2L1eBZyX/.,9964334fae30dfdbf4d2853aa3da8c371dc9d0900413feaf322ec57d7436f1a6,0
epastor,$2b$12$b/Ou9WPAcV7tNcX93o35c.SRbYA42Nugy/7VLsLAIh3vbad.HlZle,9f7905f74073f8519cff330e9ef711b99290a18becfa80cc6380e34fb54cc22e,0
miguel68,$2b$12$tw76m9Bwd7syKCyJAsBHkOxEmXhrtdy.Jdmv44FYLz9YJF.V51stW,634c2f3dc42c6a28cdbcb9967d9cdb866f9a84dfb4591d1e8b45771512b06aa0,0
ana-liz31,$2b$12$070Z11xBYfnJCO4k9LaTs.D08CJnhl4NUsTd2zkx.16ClPWG4vo8S,80cc9a2c3c5a88260a2b20c30d7e82e368a9cad564cbb6e00167fefddf758dfe,0
castropedro-miguel,$2b$12$JAERX/BcOneHrk0GVO3GXuJnU3CVl5ujzmE/Sra/BOkHiba5hyfxC,73c1be7d03aaffcbff0344905885a37da4a721ce2947ea127adc232b311245e8,0
souzajulia,$2b$12$8oqG0BI9R3ifQXsm0n2FvuyxfGXz8p0l0tABfyrBFeLIH2rIPlCQW,f5b9b1bb194a75e09610c5b6f8126c3517f855fd1e2bfcfd810b1a1ae1390879,0
rezendejose-pedro,$2b$12$p4b5NA.dShFSaMM8EQ94deksSr7qWXgLfa2yP3ZCgZAOBZX7oV73u,3a260a6410840d2a1a2c8d19c87604872c4e689640f5e472ca833e1cfdf67cdb,0
bvargas,$2b$12$23lqp7iR17BfWZLsPYLj/eBOCdLRNlgAqE.PvBdzEhEYuJeidBU/2,a74722b98b937195d30e4050cb5a535a30ee7d8260336e2df6a58bc840e32990,0
maria-helena64,$2b$12$E3mhMQGbxTPIzfSDhB/5nuJwbP2zqG2gKu/r5iLdpZsWY2Eb7Zd6a,22edf25514950e19577df9e1090a25c5e812f03cc8648e5c5da4a446299ed235,0
a,$2b$12$.vtqM7QbUhkxvUnmApCnB.aNOexvmWkakGJruvIiNPzCuRskGHKQ6,180ef66a91b1983a8e21dbaa74251fee65fd7c8ce32f0d60646a939539a62fbc,1
a,$2b$12$rPNcW03ZHDUEt9ud2qq6SOXG97Jogqk36z7OcWZVMn.drFa5UCoje,94c2968ae31608ad51ac3263abfda6b3a0c4ab9835cca814d2ee97fb49477081,1
a,$2b$12$.90hp4jWwX2oFa0wLLT5iefvMTlHWJnlz0t69dQaPuOjK8aGDf12q,b446661cd3eec4ba175c2dd2fd5d6ef0dbf3cee9952fb964ee53231c06873ef2,1
a,$2b$12$c0nOlHHMfL2iNUW9PgxPAuKlqDHYBjoZEkUyVLTxIjD.GrD8OFGs2,66a971b4ab8df6bed11990a19671e634d0b9d25c39d3d2dbc116b330a8b3cc86,1
a,$2b$12$0OqbbnBIWjVlE0JQOtzznOQaswXGrCNx.pwF71l/1TOZDFv8qx2Qi,3edcea68845431c3891fbc9a10cffd446bc0d137b3064435bf5bb2129a46a511,0
